0,0,0,1.2192,2.6648,-0.0004,2.9464
0.0206,0.0174,0.8438,1.2196,2.6648,-0.0048,2.9479
0.0406,0.046,1.4275,1.2205,2.6648,-0.0187,2.9523
0.0602,0.0756,1.5168,1.222,2.6648,-0.0448,2.9594
0.0803,0.1054,1.4792,1.2241,2.6648,-0.0839,2.9695
0.1001,0.1354,1.5113,1.2268,2.6648,-0.1359,2.9824
0.12,0.1651,1.497,1.2301,2.6648,-0.2001,2.9983
0.14,0.195,1.4979,1.234,2.6648,-0.2769,3.0172
0.1602,0.2251,1.4922,1.2385,2.6648,-0.3664,3.0394
0.18,0.2552,1.5112,1.2436,2.6647,-0.4677,3.0643
0.2001,0.2851,1.4924,1.2493,2.6647,-0.5803,3.0927
0.2201,0.3152,1.5032,1.2556,2.6646,-0.7046,3.1242
0.24,0.3451,1.5021,1.2625,2.6645,-0.8392,3.1589
0.26,0.3751,1.4974,1.27,2.6643,-0.9843,3.1972
0.28,0.405,1.5012,1.2781,2.6642,-1.1396,3.239
0.3001,0.4351,1.4972,1.2868,2.664,-1.3046,3.2846
0.32,0.4651,1.5038,1.2961,2.6637,-1.4785,3.3337
0.34,0.495,1.4968,1.306,2.6635,-1.6609,3.3869
0.36,0.525,1.5027,1.3165,2.6631,-1.8515,3.4441
0.3801,0.555,1.4965,1.3276,2.6627,-2.0497,3.5057
0.4001,0.5851,1.5019,1.3393,2.6623,-2.2551,3.5716
0.42,0.6151,1.5013,1.3516,2.6617,-2.4664,3.642
0.4401,0.6451,1.4984,1.3645,2.6611,-2.6837,3.7174
0.4601,0.6751,1.5006,1.3779,2.6604,-2.9064,3.7979
0.48,0.7051,1.5003,1.392,2.6597,-3.1337,3.8836
0.5,0.7351,1.4999,1.4067,2.6588,-3.3652,3.9749
0.52,0.7651,1.4997,1.422,2.6579,-3.6004,4.0722
0.54,0.795,1.5014,1.4378,2.6568,-3.8384,4.1755
0.56,0.8251,1.4972,1.4543,2.6556,-4.0792,4.2859
0.58,0.8551,1.5028,1.4713,2.6543,-4.322,4.4029
0.6,0.885,1.4987,1.489,2.6529,-4.566,4.5276
0.62,0.915,1.5003,1.5072,2.6514,-4.811,4.6601
0.64,0.945,1.5001,1.526,2.6497,-5.0565,4.8012
0.66,0.975,1.4982,1.5455,2.6479,-5.3021,4.9518
0.68,1.0051,1.5014,1.5655,2.646,-5.5473,5.112
0.7,1.035,1.5011,1.586,2.6439,-5.791,5.2824
0.72,1.065,1.4978,1.6072,2.6416,-6.0335,5.465
0.74,1.095,1.5023,1.629,2.6393,-6.274,5.6592
0.76,1.125,1.4976,1.6514,2.6367,-6.5122,5.8678
0.78,1.155,1.5019,1.6743,2.634,-6.7478,6.0905
0.8,1.185,1.4989,1.6978,2.6311,-6.98,6.3297
0.82,1.215,1.5002,1.7219,2.6281,-7.2089,6.5867
0.84,1.2451,1.5001,1.7466,2.6248,-7.4338,6.8636
0.86,1.2751,1.5,1.7719,2.6214,-7.6545,7.1624
0.88,1.3051,1.4999,1.7978,2.6179,-7.8705,7.486
0.9,1.3351,1.4999,1.8242,2.6141,-8.0816,7.8369
0.92,1.365,1.5011,1.8512,2.6102,-8.2873,8.2187
0.94,1.395,1.4985,1.8788,2.6061,-8.4874,8.6368
0.96,1.425,1.501,1.9069,2.6018,-8.6817,9.0952
0.98,1.455,1.4997,1.9357,2.5973,-8.8696,9.6007
1,1.485,1.4998,1.965,2.5926,-9.0511,10.1616
1.02,1.515,1.4998,1.9949,2.5877,-9.2257,10.7869
1.04,1.545,1.4998,2.0254,2.5827,-9.3933,11.49
1.06,1.575,1.4999,2.0565,2.5775,-9.5533,12.2864
1.08,1.605,1.501,2.0881,2.5721,-9.7056,13.1947
1.1,1.635,1.4999,2.1203,2.5665,-9.8496,14.2438
1.12,1.665,1.499,2.1532,2.5607,-9.9854,15.4713
1.14,1.695,1.5001,2.1865,2.5547,-10.1125,16.9276
1.16,1.725,1.5012,2.2205,2.5486,-10.2304,18.6809
1.18,1.755,1.4983,2.255,2.5423,-10.339,20.8452
1.2,1.785,1.5015,2.2901,2.5358,-10.4378,23.5887
1.22,1.815,1.4986,2.3258,2.5292,-10.5264,27.1887
1.24,1.845,1.5007,2.3621,2.5224,-10.6044,32.106
1.26,1.875,1.4999,2.3989,2.5155,-10.6714,39.2958
1.28,1.905,1.5001,2.4364,2.5084,-10.727,50.7896
1.3,1.935,1.5003,2.4744,2.5012,-10.7705,72.1529
1.32,1.965,1.4987,2.513,2.4938,-10.8015,126.9698
1.34,1.995,1.5008,2.5522,2.4863,-10.8195,580.1826
1.36,2.025,1.5001,2.592,2.4787,-10.8236,230.4116
1.38,2.055,1.4995,2.6323,2.471,-10.8134,94.0728
1.4,2.085,1.5007,2.6733,2.4632,-10.788,58.554
1.42,2.115,1.4993,2.7148,2.4553,-10.7465,42.1974
1.44,2.145,1.4997,2.757,2.4473,-10.6881,32.7872
1.46,2.175,1.5009,2.7997,2.4393,-10.6117,26.643
1.48,2.205,1.4988,2.8431,2.4313,-10.5163,22.3139
1.5,2.235,1.5009,2.8871,2.4232,-10.4004,19.0848
1.52,2.265,1.4997,2.9316,2.4151,-10.2629,16.5792
1.54,2.2762,0.5602,2.9765,2.4071,-10.1028,14.5844
1.56,2.2475,-1.4351,3.0207,2.3994,-9.921,12.9811
1.58,2.2175,-1.4996,3.0645,2.3919,-9.7189,11.6615
1.6,2.1875,-1.5006,3.1076,2.3847,-9.4963,10.555
1.62,2.1575,-1.5,3.1502,2.3778,-9.2531,9.6112
1.64,2.1275,-1.5002,3.1922,2.3711,-8.9889,8.7962
1.66,2.0975,-1.4996,3.2337,2.3648,-8.7033,8.0831
1.68,2.0675,-1.5005,3.2746,2.3587,-8.3958,7.4542
1.7,2.0375,-1.4991,3.315,2.353,-8.066,6.8939
1.72,2.0075,-1.5009,3.3547,2.3476,-7.7133,6.3924
1.74,1.9775,-1.5002,3.3939,2.3426,-7.3374,5.9398
1.76,1.9475,-1.4995,3.4326,2.3379,-6.9372,5.5294
1.78,1.9175,-1.4997,3.4707,2.3335,-6.5119,5.1555
1.8,1.8875,-1.5006,3.5083,2.3295,-6.0608,4.8138
1.82,1.8575,-1.4999,3.5452,2.3259,-5.5833,4.5001
1.84,1.8275,-1.5,3.5816,2.3227,-5.0781,4.2113
1.86,1.7975,-1.4992,3.6175,2.3198,-4.5439,3.9446
1.88,1.7675,-1.501,3.6528,2.3174,-3.9801,3.6983
1.9,1.7375,-1.4994,3.6875,2.3153,-3.3854,3.4699
1.92,1.7075,-1.5003,3.7216,2.3137,-2.7584,3.258
1.94,1.6775,-1.5003,3.7551,2.3124,-2.0981,3.0612
1.96,1.6475,-1.4995,3.788,2.3116,-1.4029,2.8781
1.98,1.6175,-1.5003,3.8204,2.3113,-0.6712,2.7078
2,1.5875,-1.5003,3.8521,2.3113,0.0979,2.5493
2.02,1.5575,-1.4994,3.8833,2.3118,0.9065,2.4016
2.04,1.5275,-1.5002,3.9138,2.3127,1.7561,2.2641
2.06,1.4975,-1.4992,3.9437,2.3141,2.6485,2.1359
2.08,1.4675,-1.5009,3.973,2.316,3.5848,2.0167
2.1,1.4375,-1.4998,4.0017,2.3183,4.5661,1.9059
2.12,1.4075,-1.4996,4.0297,2.321,5.5947,1.8028
2.14,1.3775,-1.5003,4.0571,2.3242,6.6716,1.7071
2.16,1.3475,-1.5,4.0838,2.3279,7.7977,1.6184
2.18,1.3175,-1.4997,4.1098,2.332,8.9744,1.5362
2.2,1.2875,-1.4993,4.1351,2.3365,10.2031,1.4602
2.22,1.2575,-1.5008,4.1598,2.3415,11.4834,1.39
2.24,1.2275,-1.5003,4.1837,2.347,12.8144,1.3255
2.26,1.1975,-1.4988,4.2069,2.3529,14.1974,1.2661
2.28,1.1675,-1.5011,4.2294,2.3591,15.6309,1.2118
2.3,1.1375,-1.4994,4.2512,2.3658,17.1126,1.1621
2.32,1.1075,-1.4995,4.2722,2.3729,18.6417,1.1168
2.34,1.0781,-1.4714,4.2924,2.3804,20.2149,1.0757
2.36,1.0505,-1.3782,4.3119,2.3882,21.8304,1.0385
2.38,1.025,-1.2793,4.3307,2.3963,23.4871,1.0049
2.4,1.0013,-1.1807,4.3488,2.4049,25.1849,0.9746
2.42,0.9796,-1.0874,4.3663,2.4137,26.9212,0.9475
2.44,0.9597,-0.9918,4.3831,2.423,28.6943,0.9232
2.46,0.9417,-0.9008,4.3994,2.4325,30.5035,0.9017
2.48,0.9255,-0.8097,4.415,2.4424,32.3451,0.8829
2.5,0.9111,-0.7204,4.43,2.4527,34.2167,0.8664
2.52,0.8985,-0.6312,4.4446,2.4633,36.117,0.8524
2.54,0.8876,-0.5444,4.4586,2.4742,38.0429,0.8405
2.56,0.8785,-0.4575,4.472,2.4855,39.9898,0.8308
2.58,0.871,-0.3714,4.485,2.4971,41.9559,0.8231
2.6,0.8653,-0.2864,4.4974,2.5091,43.9361,0.8175
2.62,0.8613,-0.2012,4.5094,2.5215,45.9268,0.8139
2.64,0.8589,-0.1168,4.5209,2.5343,47.9256,0.8122
2.66,0.8583,-0.0326,4.532,2.5474,49.929,0.8124
2.68,0.8593,0.0514,4.5426,2.5609,51.9314,0.8145
2.7,0.862,0.1353,4.5527,2.5749,53.9292,0.8186
2.72,0.8664,0.2193,4.5624,2.5892,55.9187,0.8246
2.74,0.8725,0.303,4.5717,2.604,57.8962,0.8326
2.76,0.8802,0.3874,4.5805,2.6192,59.8585,0.8427
2.78,0.8896,0.4715,4.5889,2.6349,61.8009,0.8549
2.8,0.9008,0.5559,4.5969,2.6511,63.7218,0.8693
2.82,0.9136,0.6415,4.6045,2.6677,65.6171,0.8859
2.84,0.9281,0.7261,4.6116,2.6849,67.4844,0.905
2.86,0.9444,0.8128,4.6182,2.7025,69.3216,0.9265
2.88,0.9624,0.899,4.6245,2.7207,71.1253,0.9507
2.9,0.9821,0.9864,4.6302,2.7395,72.894,0.9777
2.92,1.0036,1.0746,4.6356,2.7588,74.6252,1.0076
2.94,1.0268,1.1627,4.6404,2.7788,76.318,1.0407
2.96,1.0519,1.2515,4.6448,2.7994,77.9731,1.0771
2.98,1.0787,1.3443,4.6487,2.8206,79.5874,1.117
3,1.1074,1.4335,4.6521,2.8425,81.1597,1.1608
3.02,1.1373,1.493,4.655,2.865,82.6914,1.2085
3.04,1.1359,-0.0691,4.6573,2.8877,84.1601,1.259
3.06,1.1059,-1.5004,4.659,2.9097,85.5305,1.3108
3.08,1.0759,-1.4997,4.6602,2.9312,86.7945,1.3637
3.1,1.0459,-1.5015,4.661,2.9521,87.9606,1.4173
3.12,1.0159,-1.4991,4.6613,2.9724,89.038,1.4716
3.14,0.9859,-1.4992,4.6613,2.9921,90.036,1.5264
3.16,0.9559,-1.5008,4.661,3.0112,90.9603,1.5812
3.18,0.9259,-1.5009,4.6604,3.0297,91.8161,1.6361
3.2,0.8959,-1.4991,4.6596,3.0476,92.6101,1.6908
3.22,0.8711,-1.24,4.6585,3.065,93.493,0.8553
3.24,0.8947,1.1764,4.6569,3.0829,95.2107,0.9282
3.26,0.9247,1.4999,4.6547,3.1012,96.9304,0.9991
3.28,0.9547,1.5001,4.6518,3.1201,98.5206,1.0668
3.3,0.9847,1.5002,4.6484,3.1395,100.0119,1.13
3.32,1.0147,1.4997,4.6444,3.1594,101.4289,1.1879
3.34,1.0447,1.4997,4.6398,3.1798,102.7913,1.2397
3.36,1.0747,1.5003,4.6345,3.2006,104.1142,1.2847
3.38,1.1047,1.4999,4.6287,3.2219,105.4106,1.3226
3.4,1.1347,1.4999,4.6221,3.2436,106.6923,1.353
3.42,1.1647,1.5002,4.615,3.2658,107.9694,1.3758
3.44,1.1947,1.4996,4.6071,3.2883,109.2516,1.391
3.46,1.2247,1.5002,4.5985,3.3113,110.5477,1.3988
3.48,1.2547,1.4996,4.5891,3.3346,111.8665,1.3996
3.5,1.2704,0.7888,4.5791,3.3579,113.2087,1.3936
3.52,1.2652,-0.2592,4.5686,3.3809,114.5635,1.3819
3.54,1.2568,-0.4222,4.5576,3.4035,115.926,1.3654
3.56,1.2457,-0.5568,4.5462,3.4257,117.2993,1.3449
3.58,1.2323,-0.6682,4.5344,3.4473,118.6864,1.3214
3.6,1.2171,-0.7591,4.5222,3.4684,120.0897,1.2955
3.62,1.2005,-0.8302,4.5096,3.4888,121.5114,1.2679
3.64,1.1828,-0.8849,4.4967,3.5087,122.9539,1.2393
3.66,1.1643,-0.9239,4.4836,3.5279,124.4184,1.2102
3.68,1.1453,-0.9496,4.4701,3.5464,125.9065,1.1809
3.7,1.1261,-0.9627,4.4565,3.5643,127.4198,1.1519
3.72,1.1068,-0.9659,4.4425,3.5815,128.9595,1.1235
3.74,1.0876,-0.9597,4.4284,3.5981,130.5264,1.0958
3.76,1.0687,-0.9456,4.4141,3.6139,132.1206,1.0692
3.78,1.0502,-0.9235,4.3995,3.6291,133.7432,1.0436
3.8,1.0323,-0.8966,4.3848,3.6436,135.3945,1.0194
3.82,1.015,-0.8633,4.37,3.6574,137.074,0.9965
3.84,0.9985,-0.826,4.355,3.6706,138.7816,0.975
3.86,0.9828,-0.7841,4.3398,3.6831,140.5167,0.9551
3.88,0.968,-0.7389,4.3245,3.6949,142.2795,0.9366
3.9,0.9542,-0.6909,4.309,3.7061,144.0683,0.9197
3.92,0.9414,-0.6397,4.2934,3.7167,145.882,0.9043
3.94,0.9297,-0.5867,4.2777,3.7266,147.7195,0.8904
3.96,0.919,-0.5313,4.2619,3.7359,149.579,0.8781
3.98,0.9096,-0.4743,4.2459,3.7446,151.4596,0.8673
4,0.9012,-0.4159,4.2298,3.7527,153.3587,0.858
4.02,0.8941,-0.3559,4.2135,3.7602,155.2742,0.8502
4.04,0.8882,-0.295,4.1972,3.7671,157.2039,0.844
4.06,0.8836,-0.2329,4.1807,3.7733,159.1446,0.8392
4.08,0.8802,-0.1699,4.164,3.779,161.0938,0.836
4.1,0.878,-0.1061,4.1472,3.7842,163.049,0.8342
4.12,0.8772,-0.0416,4.1303,3.7887,165.0083,0.834
4.14,0.8777,0.0236,4.1132,3.7927,166.9684,0.8353
4.16,0.8795,0.0894,4.0959,3.796,168.9249,0.8382
4.18,0.8826,0.1556,4.0785,3.7988,170.8761,0.8426
4.2,0.887,0.2224,4.0609,3.8011,172.8194,0.8487
4.22,0.8928,0.2897,4.0431,3.8027,174.7517,0.8564
4.24,0.9,0.3575,4.0251,3.8037,176.6697,0.8658
4.26,0.9085,0.4255,4.007,3.8042,178.5712,0.8769
4.28,0.9184,0.4944,3.9886,3.804,-179.5465,0.8899
4.3,0.9296,0.563,3.97,3.8033,-177.686,0.9047
4.32,0.9423,0.6325,3.9512,3.8019,-175.8491,0.9215
4.34,0.9563,0.7022,3.9322,3.7999,-174.0379,0.9403
4.36,0.9718,0.7725,3.9129,3.7973,-172.2544,0.9612
4.38,0.9886,0.8429,3.8934,3.7941,-170.5003,0.9844
4.4,1.0069,0.914,3.8737,3.7901,-168.7772,1.0099
4.42,1.0266,0.9851,3.8537,3.7856,-167.0863,1.0378
4.44,1.0478,1.0569,3.8334,3.7803,-165.4286,1.0683
4.46,1.0703,1.1288,3.8128,3.7743,-163.8051,1.1016
4.48,1.0944,1.202,3.792,3.7676,-162.2169,1.1377
4.5,1.1198,1.2734,3.7709,3.7602,-160.6638,1.1769
4.52,1.1468,1.3486,3.7494,3.7521,-159.1468,1.2192
4.54,1.1752,1.4207,3.7277,3.7431,-157.6664,1.2649
4.56,1.2049,1.4852,3.7056,3.7334,-156.2219,1.3142
4.58,1.2231,0.9081,3.6835,3.723,-154.8169,1.3234
4.6,1.2342,0.5541,3.6614,3.7119,-153.4188,1.3487
4.62,1.248,0.694,3.6394,3.7002,-152.0343,1.3693
4.64,1.2589,0.5443,3.6174,3.6879,-150.6635,1.3851
4.66,1.2668,0.3953,3.5956,3.675,-149.3027,1.3959
4.68,1.2718,0.2495,3.5741,3.6615,-147.9492,1.402
4.7,1.274,0.1084,3.5528,3.6474,-146.5996,1.4033
4.72,1.2735,-0.026,3.5319,3.6329,-145.2506,1.4003
4.74,1.2704,-0.1523,3.5114,3.618,-143.8995,1.3931
4.76,1.265,-0.2696,3.4913,3.6026,-142.5438,1.3821
4.78,1.2575,-0.3768,3.4717,3.5868,-141.1814,1.3678
4.8,1.248,-0.4734,3.4526,3.5707,-139.8098,1.3506
4.82,1.2368,-0.5592,3.4341,3.5543,-138.4267,1.3308
4.84,1.2242,-0.6342,3.4162,3.5376,-137.03,1.309
4.86,1.2102,-0.6983,3.3989,3.5207,-135.618,1.2856
4.88,1.1952,-0.7517,3.3822,3.5035,-134.1888,1.2608
4.9,1.1793,-0.7953,3.3662,3.4862,-132.7409,1.2353
4.92,1.1627,-0.8291,3.3509,3.4687,-131.2734,1.2091
4.94,1.1456,-0.8531,3.3362,3.4511,-129.7842,1.1828
4.96,1.1282,-0.8695,3.3223,3.4334,-128.2722,1.1565
4.98,1.1107,-0.8772,3.309,3.4156,-126.7367,1.1304
5,1.0931,-0.8781,3.2964,3.3977,-125.177,1.1049
5.02,1.0757,-0.8714,3.2845,3.3798,-123.5921,1.0801
5.04,1.0585,-0.8593,3.2733,3.3619,-121.9813,1.056
5.06,1.0417,-0.841,3.2627,3.3439,-120.3444,1.033
5.08,1.0253,-0.8176,3.2529,3.3259,-118.6807,1.011
5.1,1.0095,-0.7904,3.2437,3.3079,-116.9911,0.9901
5.12,0.9944,-0.7574,3.2352,3.2899,-115.2755,0.9705
5.14,0.9799,-0.7222,3.2274,3.2719,-113.5335,0.9521
5.16,0.9663,-0.6829,3.2202,3.254,-111.7671,0.935
5.18,0.9535,-0.6404,3.2137,3.2361,-109.976,0.9193
5.2,0.9415,-0.5958,3.2079,3.2182,-108.1614,0.9049
5.22,0.9306,-0.5483,3.2026,3.2003,-106.3254,0.8919
5.24,0.9206,-0.4986,3.198,3.1825,-104.4683,0.8803
5.26,0.9117,-0.4473,3.1941,3.1647,-102.5913,0.8701
5.28,0.9038,-0.3943,3.1907,3.147,-100.6972,0.8612
5.3,0.897,-0.3394,3.188,3.1292,-98.7875,0.8538
5.32,0.8913,-0.2836,3.1858,3.1115,-96.8648,0.8477
5.34,0.8868,-0.2262,3.1843,3.0939,-94.9317,0.843
5.36,0.8834,-0.1679,3.1834,3.0762,-92.9896,0.8398
5.38,0.8813,-0.1086,3.1831,3.0586,-91.0404,0.8379
5.4,0.8803,-0.0485,3.1833,3.041,-89.0879,0.8375
5.42,0.8805,0.0124,3.1842,3.0234,-87.1352,0.8385
5.44,0.882,0.0741,3.1857,3.0058,-85.1846,0.841
5.46,0.8847,0.1363,3.1878,2.9882,-83.2383,0.845
5.48,0.8887,0.1993,3.1905,2.9707,-81.2994,0.8504
5.5,0.894,0.2627,3.1938,2.9531,-79.3708,0.8574
5.52,0.9005,0.3267,3.1977,2.9355,-77.4546,0.8661
5.54,0.9083,0.391,3.2022,2.9179,-75.5536,0.8763
5.56,0.9175,0.456,3.2074,2.9003,-73.6705,0.8883
5.58,0.9279,0.521,3.2132,2.8827,-71.8068,0.902
5.6,0.9396,0.587,3.2196,2.865,-69.9649,0.9175
5.62,0.9527,0.6529,3.2267,2.8474,-68.1478,0.9349
5.64,0.9671,0.7195,3.2345,2.8297,-66.3571,0.9543
5.66,0.9828,0.7858,3.2429,2.8119,-64.594,0.9758
5.68,0.9998,0.853,3.252,2.7941,-62.8592,0.9995
5.7,1.0183,0.921,3.2618,2.7763,-61.1555,1.0254
5.72,1.038,0.9878,3.2724,2.7584,-59.4831,1.0537
5.74,1.0592,1.0569,3.2837,2.7404,-57.8429,1.0845
5.76,1.0817,1.1251,3.2957,2.7225,-56.237,1.1179
5.78,1.0854,0.1866,3.3082,2.7048,-54.6793,1.1535
5.8,1.0559,-1.4732,3.3209,2.6878,-53.2044,1.1899
5.82,1.0259,-1.5008,3.3336,2.6717,-51.831,1.227
5.84,0.9959,-1.4997,3.3462,2.6563,-50.5522,1.2647
5.86,0.9659,-1.4998,3.3588,2.6417,-49.3604,1.3027
5.88,0.9359,-1.4998,3.3713,2.6277,-48.2494,1.3409
5.9,0.9059,-1.5006,3.3836,2.6144,-47.2141,1.3791
5.92,0.8759,-1.4997,3.3957,2.6018,-46.2488,1.4173
5.94,0.8459,-1.5003,3.4076,2.5897,-45.3484,1.4552
5.96,0.8159,-1.4999,3.4192,2.5783,-44.5085,1.4928
5.98,0.7859,-1.5004,3.4306,2.5674,-43.725,1.5298
6,0.7559,-1.4998,3.4416,2.5571,-42.994,1.5663
6.02,0.7259,-1.5001,3.4524,2.5473,-42.312,1.6021
6.04,0.7025,-1.1678,3.4629,2.538,-41.4157,0.6535
6.06,0.716,0.6729,3.474,2.529,-39.1828,0.6725
6.08,0.7372,1.0603,3.4858,2.5202,-36.8155,0.6946
6.1,0.761,1.1879,3.4983,2.5115,-34.5189,0.7201
6.12,0.7873,1.3176,3.5116,2.5031,-32.2972,0.7491
6.14,0.8162,1.4447,3.5258,2.4949,-30.1522,0.7822
6.16,0.8462,1.4993,3.5407,2.487,-28.0879,0.8196
6.18,0.8762,1.5001,3.5564,2.4792,-26.11,0.8617
6.2,0.9062,1.4999,3.5729,2.4718,-24.2222,0.9088
6.22,0.9362,1.4999,3.5903,2.4647,-22.4267,0.9612
6.24,0.9662,1.5,3.6083,2.4578,-20.7244,1.0194
6.26,0.9962,1.5002,3.6272,2.4513,-19.1147,1.0838
6.28,1.0262,1.5006,3.6467,2.4451,-17.5963,1.1546
6.3,1.0562,1.499,3.667,2.4392,-16.1652,1.2325
6.32,1.0862,1.5006,3.688,2.4337,-14.8182,1.3178
6.34,1.1162,1.5002,3.7097,2.4284,-13.5526,1.4112
6.36,1.1462,1.4999,3.7321,2.4235,-12.3639,1.5131
6.38,1.1762,1.4997,3.7551,2.4189,-11.2478,1.6244
6.4,1.2062,1.4995,3.7789,2.4147,-10.1999,1.7457
6.42,1.2362,1.5004,3.8033,2.4107,-9.2171,1.8778
6.44,1.2662,1.5003,3.8284,2.407,-8.296,2.0215
6.46,1.2962,1.5003,3.8541,2.4037,-7.4329,2.1779
6.48,1.3262,1.4993,3.8804,2.4006,-6.6237,2.3484
6.5,1.3562,1.5003,3.9074,2.3979,-5.8654,2.5341
6.52,1.3862,1.5003,3.935,2.3954,-5.1556,2.7366
6.54,1.4162,1.4994,3.9632,2.3932,-4.4909,2.9579
6.56,1.4462,1.4995,3.9921,2.3912,-3.8685,3.2002
6.58,1.4762,1.5006,4.0216,2.3895,-3.2866,3.4659
6.6,1.5062,1.5007,4.0517,2.3881,-2.7434,3.7577
6.62,1.5362,1.4989,4.0824,2.3869,-2.2362,4.0802
6.64,1.5662,1.5009,4.1137,2.3859,-1.7633,4.4371
6.66,1.5962,1.4991,4.1456,2.3852,-1.323,4.8345
6.68,1.6262,1.5002,4.1781,2.3847,-0.9138,5.2791
6.7,1.6562,1.5004,4.2112,2.3843,-0.5345,5.7794
6.72,1.6862,1.4996,4.2449,2.3842,-0.1837,6.3473
6.74,1.7162,1.4998,4.2793,2.3843,0.1399,6.9975
6.76,1.7462,1.5,4.3142,2.3846,0.4371,7.7493
6.78,1.7762,1.501,4.3497,2.385,0.7087,8.6277
6.8,1.8062,1.4985,4.3858,2.3856,0.9558,9.6738
6.82,1.8362,1.5005,4.4226,2.3864,1.179,10.9368
6.84,1.8662,1.4998,4.4599,2.3873,1.3788,12.4998
6.86,1.8962,1.5,4.4978,2.3883,1.5558,14.4868
6.88,1.9262,1.5003,4.5363,2.3895,1.7104,17.103
6.9,1.9562,1.4996,4.5754,2.3907,1.8429,20.7213
6.92,1.9862,1.4999,4.6151,2.3921,1.9536,26.0722
6.94,2.0162,1.5001,4.6554,2.3935,2.0427,34.8181
6.96,2.0462,1.5003,4.6963,2.395,2.1101,51.7516
6.98,2.0762,1.4998,4.7377,2.3966,2.1559,99.1528
7,2.1062,1.4992,4.7799,2.3982,2.18,Infinity
7.02,2.1362,1.5003,4.8226,2.3998,2.1822,124.4389
7.04,2.1662,1.5006,4.8658,2.4014,2.1622,59.1863
7.06,2.1962,1.4993,4.9097,2.4031,2.1195,38.9136
7.08,2.2262,1.4997,4.9542,2.4047,2.0538,29.0554
7.1,2.2562,1.5008,4.9993,2.4062,1.9643,23.1774
7.12,2.2862,1.4996,5.045,2.4077,1.8504,19.2653
7.14,2.3161,1.5,5.0913,2.4091,1.7111,16.4536
7.16,2.3461,1.4996,5.1382,2.4103,1.5454,14.3277
7.18,2.3762,1.5,5.1857,2.4115,1.352,12.6569
7.2,2.3901,0.6982,5.2335,2.4124,1.1305,11.3107
7.22,2.3623,-1.3917,5.2808,2.4131,0.8827,10.214
7.24,2.3323,-1.5006,5.3274,2.4136,0.611,9.3026
7.26,2.3023,-1.4995,5.3735,2.4139,0.3154,8.5289
7.28,2.2723,-1.4998,5.4189,2.4139,-0.004,7.8615
7.3,2.2423,-1.5009,5.4637,2.4136,-0.347,7.2795
7.32,2.2123,-1.4997,5.508,2.4131,-0.7136,6.7653
7.34,2.1823,-1.4999,5.5516,2.4122,-1.1043,6.3068
7.36,2.1523,-1.4994,5.5947,2.4111,-1.5194,5.8946
7.38,2.1223,-1.5013,5.6371,2.4096,-1.9588,5.5223
7.4,2.0923,-1.499,5.6789,2.4078,-2.4231,5.1831
7.42,2.0623,-1.5009,5.7201,2.4058,-2.9126,4.8731
7.44,2.0323,-1.4994,5.7607,2.4033,-3.4279,4.5881
7.46,2.0023,-1.5004,5.8006,2.4005,-3.9696,4.3256
7.48,1.9723,-1.4997,5.8399,2.3974,-4.5382,4.0827
7.5,1.9423,-1.4999,5.8786,2.394,-5.1345,3.8573
7.52,1.9123,-1.5,5.9167,2.3901,-5.7592,3.6479
7.54,1.8823,-1.5001,5.9541,2.3859,-6.4128,3.4529
7.56,1.8523,-1.5002,5.9908,2.3813,-7.096,3.2711
7.58,1.8223,-1.5002,6.0269,2.3764,-7.8095,3.1014
7.6,1.7923,-1.4994,6.0624,2.371,-8.5544,2.9426
7.62,1.7623,-1.5003,6.0972,2.3653,-9.3315,2.7941
7.64,1.7323,-1.5003,6.1313,2.3592,-10.141,2.6553
7.66,1.7023,-1.4993,6.1647,2.3527,-10.9842,2.5252
7.68,1.6723,-1.5011,6.1974,2.3459,-11.8612,2.4036
7.7,1.6423,-1.4992,6.2295,2.3386,-12.7727,2.2897
7.72,1.6123,-1.5,6.2608,2.331,-13.7201,2.1831
7.74,1.5823,-1.4998,6.2914,2.3229,-14.7032,2.0835
7.76,1.5523,-1.5006,6.3213,2.3145,-15.7221,1.9904
7.78,1.5223,-1.4994,6.3504,2.3057,-16.7771,1.9035
7.8,1.4923,-1.5002,6.3788,2.2966,-17.8686,1.8225
7.82,1.4623,-1.4999,6.4065,2.2871,-18.9959,1.747
7.84,1.4323,-1.4996,6.4334,2.2772,-20.1591,1.6768
7.86,1.4023,-1.5012,6.4595,2.267,-21.3565,1.6118
7.88,1.3723,-1.4988,6.4848,2.2564,-22.5875,1.5514
7.9,1.3423,-1.5004,6.5094,2.2456,-23.8515,1.4956
7.92,1.3124,-1.4909,6.5332,2.2344,-25.1468,1.444
7.94,1.2839,-1.4302,6.5561,2.223,-26.4713,1.3965
7.96,1.257,-1.3433,6.5784,2.2112,-27.8246,1.3528
7.98,1.2317,-1.2629,6.5999,2.1992,-29.2062,1.3128
8,1.2081,-1.1805,6.6207,2.1869,-30.6146,1.276
8.02,1.1861,-1.1005,6.6408,2.1743,-32.0512,1.2424
8.04,1.1656,-1.0234,6.6602,2.1614,-33.5143,1.2118
8.06,1.1467,-0.9467,6.679,2.1483,-35.0007,1.184
8.08,1.1293,-0.8697,6.6972,2.1349,-36.5107,1.1589
8.1,1.1134,-0.7951,6.7147,2.1211,-38.0443,1.1364
8.12,1.099,-0.722,6.7316,2.1071,-39.5982,1.1164
8.14,1.086,-0.6474,6.748,2.0928,-41.1723,1.0986
8.16,1.0745,-0.5766,6.7638,2.0782,-42.764,1.0832
8.18,1.0644,-0.5036,6.779,2.0634,-44.3707,1.0699
8.2,1.0558,-0.4325,6.7937,2.0481,-45.9934,1.0587
8.22,1.0485,-0.3622,6.8078,2.0327,-47.6281,1.0495
8.24,1.0427,-0.2917,6.8214,2.0169,-49.2717,1.0424
8.26,1.0383,-0.2216,6.8345,2.0007,-50.9238,1.0372
8.28,1.0352,-0.152,6.8471,1.9843,-52.583,1.034
8.3,1.0336,-0.0827,6.8591,1.9675,-54.2445,1.0327
8.32,1.0333,-0.0134,6.8707,1.9504,-55.9083,1.0332
8.34,1.0344,0.0557,6.8818,1.933,-57.571,1.0357
8.36,1.0369,0.1244,6.8924,1.9151,-59.2298,1.0401
8.38,1.0408,0.1933,6.9025,1.8969,-60.8857,1.0464
8.4,1.046,0.2625,6.9122,1.8784,-62.5345,1.0547
8.42,1.0526,0.3314,6.9214,1.8594,-64.1731,1.065
8.44,1.0607,0.4005,6.9301,1.8401,-65.8003,1.0773
8.46,1.07,0.4698,6.9383,1.8203,-67.4133,1.0917
8.48,1.0808,0.5388,6.946,1.8002,-69.011,1.1082
8.5,1.093,0.608,6.9533,1.7795,-70.5936,1.127
8.52,1.1066,0.679,6.9601,1.7585,-72.1575,1.148
8.54,1.1215,0.7481,6.9664,1.7369,-73.7006,1.1715
8.56,1.1373,0.7898,6.9722,1.7149,-75.2222,1.1974
8.58,1.1241,-0.6621,6.9773,1.6931,-76.7,1.225
8.6,1.0941,-1.4991,6.9818,1.6717,-78.1057,1.254
8.62,1.0641,-1.4998,6.9857,1.6507,-79.4322,1.284
8.64,1.0341,-1.5007,6.9891,1.6303,-80.6812,1.3149
8.66,1.0041,-1.5001,6.9919,1.6105,-81.8563,1.3466
8.68,0.9783,-1.2882,6.9943,1.591,-83.082,0.9582
8.7,0.9788,0.0223,6.9961,1.5715,-84.7833,0.9613
8.72,0.9814,0.1314,6.9973,1.5519,-86.5373,0.9651
8.74,0.9847,0.1621,6.9979,1.5322,-88.2863,0.9698
8.76,0.9885,0.1912,6.9978,1.5125,-90.0291,0.9752
8.78,0.9928,0.2183,6.9972,1.4926,-91.7644,0.9813
8.8,0.9977,0.2435,6.996,1.4727,-93.4911,0.9881
8.82,1.003,0.2662,6.9942,1.4527,-95.2091,0.9955
8.84,1.0088,0.287,6.9918,1.4327,-96.9184,1.0035
8.86,1.0149,0.3054,6.9887,1.4126,-98.6175,1.0119
8.88,1.0213,0.3212,6.9851,1.3925,-100.3059,1.0209
8.9,1.028,0.3344,6.9808,1.3724,-101.9832,1.0302
8.92,1.0349,0.3448,6.9759,1.3523,-103.6492,1.0398
8.94,1.0419,0.3523,6.9704,1.3322,-105.3047,1.0497
8.96,1.0491,0.3573,6.9643,1.3122,-106.9488,1.0597
8.98,1.0563,0.3587,6.9576,1.2921,-108.5818,1.0698
9,1.0634,0.3577,6.9502,1.2722,-110.2042,1.0799
9.02,1.0705,0.3534,6.9423,1.2523,-111.8149,1.0899
9.04,1.0774,0.3457,6.9337,1.2325,-113.4154,1.0997
9.06,1.0841,0.3355,6.9245,1.2129,-115.0056,1.1092
9.08,1.0905,0.3218,6.9148,1.1934,-116.5859,1.1184
9.1,1.0966,0.3054,6.9044,1.174,-118.1579,1.127
9.12,1.1024,0.2863,6.8935,1.1549,-119.7214,1.1351
9.14,1.1077,0.2642,6.882,1.1359,-121.2769,1.1426
9.16,1.1125,0.24,6.8699,1.1173,-122.825,1.1493
9.18,1.1167,0.2131,6.8573,1.0988,-124.3666,1.1553
9.2,1.1204,0.1843,6.8442,1.0807,-125.9036,1.1603
9.22,1.1235,0.1539,6.8305,1.0628,-127.4357,1.1645
9.24,1.1259,0.1217,6.8164,1.0453,-128.9638,1.1676
9.26,1.1277,0.0886,6.8017,1.0282,-130.4889,1.1698
9.28,1.1288,0.0545,6.7866,1.0114,-132.012,1.1709
9.3,1.1292,0.02,6.7711,0.995,-133.5348,1.171
9.32,1.1289,-0.0146,6.7551,0.9791,-135.0569,1.17
9.34,1.1279,-0.049,6.7387,0.9636,-136.5801,1.168
9.36,1.1263,-0.0829,6.7219,0.9485,-138.1054,1.1651
9.38,1.1239,-0.1158,6.7048,0.934,-139.6325,1.1611
9.4,1.121,-0.1473,6.6873,0.9199,-141.1637,1.1562
9.42,1.1174,-0.1775,6.6696,0.9064,-142.6997,1.1505
9.44,1.1133,-0.2057,6.6515,0.8934,-144.2403,1.144
9.46,1.1087,-0.2317,6.6332,0.8809,-145.7874,1.1368
9.48,1.1036,-0.2557,6.6146,0.869,-147.3411,1.129
9.5,1.098,-0.2766,6.5958,0.8576,-148.9021,1.1206
9.52,1.0921,-0.2952,6.5768,0.8469,-150.472,1.1117
9.54,1.0859,-0.311,6.5576,0.8367,-152.0507,1.1025
9.56,1.0794,-0.3237,6.5382,0.8271,-153.6385,1.0931
9.58,1.0728,-0.3335,6.5188,0.8181,-155.2354,1.0834
9.6,1.066,-0.34,6.4992,0.8097,-156.8422,1.0737
9.62,1.0591,-0.3436,6.4795,0.802,-158.4603,1.0639
9.64,1.0522,-0.3445,6.4597,0.7948,-160.0885,1.0543
9.66,1.0454,-0.3418,6.4398,0.7882,-161.7273,1.0448
9.68,1.0386,-0.3368,6.4199,0.7823,-163.3768,1.0356
9.7,1.0321,-0.3283,6.4,0.777,-165.037,1.0267
9.72,1.0257,-0.3177,6.38,0.7723,-166.7079,1.0182
9.74,1.0196,-0.3039,6.36,0.7681,-168.3883,1.0101
9.76,1.0139,-0.2878,6.3401,0.7647,-170.0788,1.0026
9.78,1.0085,-0.2691,6.3201,0.7618,-171.7794,0.9956
9.8,1.0035,-0.2484,6.3002,0.7595,-173.4887,0.9893
9.82,0.999,-0.2251,6.2803,0.7578,-175.2051,0.9836
9.84,0.995,-0.1998,6.2604,0.7568,-176.9292,0.9787
9.86,0.9916,-0.1727,6.2406,0.7563,-178.6599,0.9745
9.88,0.9887,-0.1437,6.2208,0.7564,179.604,0.9711
9.9,0.9865,-0.1129,6.2011,0.7572,177.863,0.9685
9.92,0.9848,-0.0807,6.1814,0.7585,176.1194,0.9668
9.94,0.9839,-0.0468,6.1618,0.7604,174.373,0.9661
9.96,0.9837,-0.0116,6.1423,0.763,172.6254,0.9662
9.98,0.9842,0.0249,6.1229,0.7661,170.8784,0.9674
10,0.9854,0.0626,6.1035,0.7698,169.1328,0.9695
10.02,0.9874,0.1013,6.0843,0.7741,167.3904,0.9727
10.04,0.9903,0.1411,6.0651,0.779,165.6513,0.977
10.06,0.9939,0.1819,6.046,0.7845,163.9182,0.9823
10.08,0.9984,0.2234,6.027,0.7906,162.193,0.9888
10.1,1.0037,0.2657,6.008,0.7973,160.4758,0.9965
10.12,1.0099,0.3088,5.9892,0.8046,158.7676,1.0054
10.14,1.0169,0.3528,5.9705,0.8126,157.0711,1.0156
10.16,1.0249,0.3968,5.9518,0.8211,155.3871,1.0271
10.18,1.0337,0.442,5.9333,0.8303,153.7165,1.0399
10.2,1.0434,0.4875,5.9149,0.84,152.0619,1.054
10.22,1.0541,0.533,5.8966,0.8504,150.4231,1.0697
10.24,1.0657,0.5796,5.8783,0.8615,148.8008,1.0868
10.26,1.0782,0.6264,5.8602,0.8732,147.1974,1.1055
10.28,1.0917,0.6733,5.8422,0.8855,145.6132,1.1258
10.3,1.1061,0.7204,5.8243,0.8985,144.0481,1.1478
10.32,1.1215,0.769,5.8065,0.9121,142.5039,1.1715
10.34,1.1378,0.8167,5.7888,0.9265,140.9826,1.197
10.36,1.1551,0.8645,5.7712,0.9415,139.4835,1.2243
10.38,1.1734,0.9131,5.7538,0.9572,138.0067,1.2537
10.4,1.1926,0.9618,5.7365,0.9736,136.5532,1.2851
10.42,1.1918,-0.0401,5.7196,0.9904,135.136,1.3179
10.44,1.162,-1.4896,5.7035,1.0072,133.7827,1.3515
10.46,1.132,-1.5004,5.6882,1.0239,132.5065,1.3855
10.48,1.102,-1.4999,5.6737,1.0404,131.3036,1.4199
10.5,1.072,-1.5001,5.6598,1.0568,130.1696,1.4546
10.52,1.042,-1.5003,5.6467,1.073,129.1008,1.4894
10.54,1.0122,-1.4898,5.6342,1.0889,128.0932,0.984
10.56,0.9909,-1.0639,5.6223,1.1048,126.7268,0.9675
10.58,0.9791,-0.5891,5.6111,1.1208,124.982,0.9531
10.6,0.9688,-0.518,5.6005,1.137,123.2174,0.9406
10.62,0.9598,-0.4484,5.5905,1.1534,121.4344,0.93
10.64,0.9522,-0.3783,5.5811,1.17,119.6362,0.9213
10.66,0.9461,-0.3086,5.5722,1.1867,117.8245,0.9144
10.68,0.9413,-0.2392,5.564,1.2036,116.0029,0.9093
10.7,0.9379,-0.1697,5.5563,1.2207,114.1733,0.9059
10.72,0.9359,-0.1005,5.5492,1.238,112.338,0.9042
10.74,0.9352,-0.0313,5.5427,1.2555,110.5005,0.9043
10.76,0.936,0.0377,5.5367,1.2733,108.6632,0.9061
10.78,0.9381,0.1067,5.5312,1.2912,106.8284,0.9096
10.8,0.9417,0.1756,5.5264,1.3094,104.9982,0.9149
10.82,0.9465,0.2447,5.522,1.3279,103.1763,0.922
10.84,0.9528,0.3135,5.5183,1.3466,101.3664,0.9308
10.86,0.9605,0.3822,5.5151,1.3655,99.5689,0.9415
10.88,0.9695,0.4515,5.5125,1.3847,97.7874,0.954
10.9,0.9799,0.5198,5.5104,1.4042,96.0237,0.9685
10.92,0.9917,0.5892,5.5089,1.424,94.2794,0.985
10.94,1.0048,0.6578,5.508,1.444,92.5575,1.0036
10.96,1.0194,0.7269,5.5077,1.4644,90.8594,1.0242
10.98,1.0353,0.7955,5.508,1.4851,89.1863,1.0472
11,1.0526,0.8646,5.5089,1.5061,87.5393,1.0724
11.02,1.0712,0.9331,5.5104,1.5275,85.9195,1.1001
11.04,1.0913,1.0029,5.5126,1.5493,84.3288,1.1302
11.06,1.1127,1.0713,5.5154,1.5713,82.7688,1.163
11.08,1.1355,1.1402,5.5189,1.5938,81.24,1.1986
11.1,1.1597,1.2075,5.523,1.6166,79.7416,1.2371
11.12,1.1852,1.2779,5.5278,1.6398,78.2748,1.2785
11.14,1.2121,1.3447,5.5333,1.6634,76.8406,1.3231
11.16,1.2404,1.4138,5.5396,1.6874,75.4389,1.3709
11.18,1.2699,1.4756,5.5465,1.7118,74.0693,1.4222
11.2,1.2999,1.5006,5.5543,1.7367,72.7325,1.477
11.22,1.3299,1.4995,5.5627,1.7619,71.4295,1.5354
11.24,1.3599,1.5,5.572,1.7875,70.1605,1.5976
11.26,1.3899,1.5006,5.5819,1.8134,68.9267,1.6634
11.28,1.4199,1.4994,5.5927,1.8397,67.7277,1.7331
11.3,1.4499,1.5,5.6042,1.8663,66.5632,1.8067
11.32,1.4799,1.4998,5.6166,1.8932,65.433,1.8843
11.34,1.5099,1.5005,5.6296,1.9204,64.337,1.9657
11.36,1.5399,1.5003,5.6435,1.9479,63.275,2.051
11.38,1.5699,1.4993,5.6581,1.9757,62.2453,2.1404
11.4,1.5999,1.5001,5.6735,2.0038,61.2468,2.2338
11.42,1.6299,1.5,5.6897,2.0321,60.2793,2.3311
11.44,1.6599,1.5,5.7066,2.0606,59.3414,2.4323
11.46,1.6899,1.5008,5.7243,2.0894,58.4327,2.5372
11.48,1.7199,1.4991,5.7427,2.1184,57.5515,2.646
11.5,1.7499,1.5,5.7619,2.1477,56.6963,2.7585
11.52,1.7799,1.5,5.7819,2.1772,55.8665,2.8746
11.54,1.8099,1.5001,5.8026,2.2068,55.0611,2.994
11.56,1.8399,1.4994,5.8241,2.2367,54.2786,3.1169
11.58,1.8699,1.5003,5.8464,2.2668,53.518,3.2427
11.6,1.8999,1.5004,5.8694,2.297,52.7788,3.3714
11.62,1.9299,1.4998,5.8931,2.3275,52.0596,3.5027
11.64,1.9599,1.4999,5.9176,2.3581,51.3592,3.6364
11.66,1.9899,1.4993,5.9428,2.3889,50.6764,3.7722
11.68,2.0199,1.5011,5.9687,2.4198,50.0106,3.9094
11.7,2.0499,1.499,5.9954,2.4509,49.3608,4.0482
11.72,2.0799,1.5007,6.0229,2.4822,48.7259,4.1875
11.74,2.1099,1.4994,6.0511,2.5136,48.105,4.3273
11.76,2.1399,1.5005,6.08,2.5452,47.4972,4.4668
11.78,2.1699,1.4993,6.1096,2.5769,46.9015,4.6056
11.8,2.1999,1.5003,6.14,2.6087,46.317,4.7429
11.82,2.2299,1.4999,6.1711,2.6406,45.7429,4.8779
11.84,2.2599,1.5002,6.203,2.6727,45.1784,5.0099
11.86,2.2899,1.4999,6.2356,2.7048,44.6225,5.138
11.88,2.3199,1.4996,6.2689,2.7371,44.0742,5.2615
11.9,2.3499,1.5,6.303,2.7695,43.5325,5.3791
11.92,2.3691,0.9613,6.3377,2.8018,42.9977,5.4892
11.94,2.3439,-1.2595,6.3722,2.8334,42.4752,5.5889
11.96,2.3139,-1.4996,6.4066,2.8644,41.9685,5.6779
11.98,2.2839,-1.5,6.4409,2.8947,41.4765,5.7555
12,2.2539,-1.5004,6.4749,2.9242,40.998,5.8212
12.02,2.2239,-1.4994,6.5087,2.9531,40.5314,5.875
12.04,2.1939,-1.5005,6.5423,2.9814,40.0754,5.9163
12.06,2.1639,-1.5001,6.5756,3.009,39.6291,5.945
12.08,2.1339,-1.5005,6.6087,3.0359,39.1913,5.9612
12.1,2.1039,-1.4993,6.6415,3.0623,38.7607,5.9641
12.12,2.0739,-1.5004,6.674,3.088,38.3365,5.9545
12.14,2.0439,-1.5,6.7063,3.1131,37.9176,5.932
12.16,2.0139,-1.4995,6.7382,3.1377,37.5031,5.8967
12.18,1.9839,-1.5006,6.7699,3.1616,37.0921,5.8486
12.2,1.9539,-1.5001,6.8012,3.1849,36.6839,5.7882
12.22,1.9239,-1.4996,6.8322,3.2077,36.2774,5.7156
12.24,1.8939,-1.5007,6.8629,3.2299,35.8719,5.6313
12.26,1.8639,-1.4994,6.8933,3.2515,35.4664,5.5354
12.28,1.8339,-1.5005,6.9233,3.2726,35.0599,5.4285
12.3,1.8039,-1.5,6.953,3.2931,34.6519,5.3112
12.32,1.7739,-1.4994,6.9823,3.3131,34.2409,5.1837
12.34,1.7439,-1.5005,7.0113,3.3325,33.8262,5.0472
12.36,1.7139,-1.5,7.0399,3.3514,33.4069,4.902
12.38,1.6839,-1.5003,7.0682,3.3697,32.982,4.749
12.4,1.6539,-1.4998,7.096,3.3875,32.5501,4.5887
12.42,1.6239,-1.5001,7.1235,3.4048,32.11,4.4221
12.44,1.5939,-1.4996,7.1507,3.4215,31.6603,4.2497
12.46,1.5639,-1.5,7.1775,3.4377,31.1995,4.0728
12.48,1.5339,-1.5003,7.2038,3.4534,30.7262,3.8919
12.5,1.5039,-1.4999,7.2298,3.4685,30.2387,3.708
12.52,1.4739,-1.5003,7.2554,3.4832,29.7348,3.5222
12.54,1.4439,-1.4999,7.2806,3.4972,29.2124,3.335
12.56,1.4139,-1.5003,7.3054,3.5108,28.669,3.1476
12.58,1.3839,-1.5,7.3298,3.5238,28.1019,2.9608
12.6,1.3539,-1.4997,7.3539,3.5364,27.5074,2.7752
12.62,1.3239,-1.4995,7.3775,3.5483,26.8817,2.5918
12.64,1.2939,-1.501,7.4007,3.5598,26.2208,2.4116
12.66,1.2639,-1.4992,7.4235,3.5707,25.5193,2.2351
12.68,1.2339,-1.5009,7.4459,3.581,24.7712,2.0634
12.7,1.2039,-1.4994,7.4679,3.5908,23.9691,1.8968
12.72,1.1739,-1.5004,7.4895,3.6,23.1038,1.7362
12.74,1.1439,-1.4992,7.5107,3.6086,22.1642,1.5821
12.76,1.1139,-1.5006,7.5315,3.6167,21.137,1.4353
12.78,1.0839,-1.5006,7.5518,3.6241,20.006,1.2964
12.8,1.0539,-1.4987,7.5718,3.6308,18.7481,1.1655
12.82,1.0239,-1.5009,7.5914,3.6369,17.3354,1.0434
12.84,0.9993,-1.2281,7.6106,3.6424,15.749,1.0608
12.86,1.019,0.9814,7.6303,3.6474,14.1572,1.0413
12.88,1.0324,0.6692,7.6505,3.6518,12.5251,1.023
12.9,1.0199,-0.6242,7.6705,3.6557,10.8499,1.0062
12.92,1.0081,-0.5907,7.6904,3.6589,9.155,0.991
12.94,0.9973,-0.5401,7.7102,3.6615,7.4411,0.9773
12.96,0.9875,-0.4901,7.7299,3.6634,5.7082,0.9651
12.98,0.9786,-0.4412,7.7494,3.6648,3.959,0.9542
13,0.9708,-0.3918,7.7688,3.6655,2.1957,0.9447
13.02,0.9639,-0.3434,7.7881,3.6657,0.4183,0.9365
13.04,0.958,-0.2957,7.8072,3.6652,-1.3709,0.9295
13.06,0.9531,-0.2485,7.8263,3.6642,-3.1699,0.9238
13.08,0.949,-0.202,7.8452,3.6625,-4.9773,0.9193
13.1,0.9459,-0.1563,7.864,3.6603,-6.7918,0.9159
13.12,0.9437,-0.1115,7.8826,3.6574,-8.6112,0.9136
13.14,0.9423,-0.0675,7.9011,3.654,-10.4342,0.9125
13.16,0.9418,-0.0246,7.9196,3.65,-12.2595,0.9124
13.18,0.9422,0.0172,7.9378,3.6454,-14.085,0.9133
13.2,0.9433,0.0578,7.956,3.6403,-15.9085,0.9153
13.22,0.9453,0.0971,7.974,3.6345,-17.7289,0.9182
13.24,0.948,0.135,7.9918,3.6282,-19.5443,0.9221
13.26,0.9514,0.1712,8.0096,3.6212,-21.3538,0.9269
13.28,0.9555,0.2059,8.0271,3.6137,-23.1574,0.9326
13.3,0.9603,0.239,8.0446,3.6056,-24.9527,0.9391
13.32,0.9657,0.27,8.0618,3.5969,-26.7372,0.9464
13.34,0.9717,0.2987,8.0789,3.5877,-28.5115,0.9545
13.36,0.9782,0.3255,8.0958,3.5778,-30.2753,0.9633
13.38,0.9852,0.35,8.1125,3.5674,-32.0267,0.9728
13.4,0.9926,0.3719,8.129,3.5563,-33.7648,0.9829
13.42,1.0004,0.3909,8.1453,3.5447,-35.49,0.9936
13.44,1.0086,0.4076,8.1613,3.5325,-37.2016,1.0048
13.46,1.017,0.4212,8.1772,3.5197,-38.8986,1.0163
13.48,1.0256,0.4315,8.1927,3.5064,-40.5816,1.0283
13.5,1.0344,0.439,8.2081,3.4925,-42.2507,1.0404
13.52,1.0433,0.4431,8.2231,3.478,-43.9052,1.0528
13.54,1.0521,0.4439,8.2378,3.463,-45.5457,1.0652
13.56,1.061,0.4412,8.2522,3.4474,-47.1724,1.0776
13.58,1.0697,0.4353,8.2663,3.4313,-48.7855,1.0899
13.6,1.0782,0.4255,8.2801,3.4147,-50.3857,1.102
13.62,1.0864,0.4127,8.2935,3.3976,-51.974,1.1137
13.64,1.0944,0.3963,8.3065,3.38,-53.5506,1.125
13.66,1.1019,0.3768,8.3191,3.3619,-55.1161,1.1358
13.68,1.109,0.3541,8.3313,3.3434,-56.6704,1.1459
13.7,1.1155,0.328,8.343,3.3244,-58.2156,1.1552
13.72,1.1215,0.2998,8.3543,3.3051,-59.7525,1.1637
13.74,1.1269,0.2685,8.3651,3.2853,-61.2814,1.1713
13.76,1.1316,0.2353,8.3755,3.2652,-62.8031,1.1779
13.78,1.1356,0.1999,8.3853,3.2447,-64.3187,1.1834
13.8,1.1389,0.163,8.3947,3.2239,-65.8301,1.1878
13.82,1.1414,0.1248,8.4034,3.2029,-67.3375,1.191
13.84,1.1431,0.0857,8.4117,3.1815,-68.8423,1.193
13.86,1.144,0.0462,8.4194,3.16,-70.3455,1.1938
13.88,1.1441,0.0067,8.4265,3.1383,-71.8476,1.1934
13.9,1.1435,-0.0326,8.4331,3.1163,-73.3505,1.1918
13.92,1.1421,-0.0712,8.439,3.0943,-74.8546,1.1891
13.94,1.1399,-0.1085,8.4444,3.0721,-76.3604,1.1852
13.96,1.137,-0.1444,8.4492,3.0499,-77.8702,1.1803
13.98,1.1334,-0.1786,8.4534,3.0276,-79.3844,1.1744
14,1.1292,-0.2106,8.4569,3.0053,-80.9033,1.1676
14.02,1.1244,-0.2401,8.4599,2.983,-82.4289,1.16
14.04,1.1191,-0.2673,8.4623,2.9608,-83.9615,1.1516
14.06,1.1132,-0.2913,8.464,2.9386,-85.5009,1.1427
14.08,1.107,-0.3124,8.4651,2.9165,-87.0492,1.1332
14.1,1.1004,-0.3305,8.4657,2.8945,-88.6067,1.1232
14.12,1.0935,-0.3452,8.4656,2.8726,-90.1738,1.113
14.14,1.0863,-0.3569,8.465,2.8509,-91.7506,1.1025
14.16,1.079,-0.3649,8.4637,2.8293,-93.338,1.0919
14.18,1.0716,-0.3699,8.4619,2.808,-94.9364,1.0813
14.2,1.0642,-0.3715,8.4594,2.7868,-96.5458,1.0708
14.22,1.0568,-0.37,8.4564,2.7659,-98.1664,1.0604
14.24,1.0495,-0.3652,8.4529,2.7452,-99.7985,1.0503
14.26,1.0424,-0.3575,8.4487,2.7248,-101.4421,1.0405
14.28,1.0354,-0.3468,8.444,2.7046,-103.0971,1.0311
14.3,1.0288,-0.3335,8.4388,2.6847,-104.7625,1.0221
14.32,1.0224,-0.317,8.433,2.6651,-106.4387,1.0137
14.34,1.0164,-0.2986,8.4267,2.6458,-108.1251,1.0059
14.36,1.0109,-0.2771,8.4198,2.6268,-109.821,0.9988
14.38,1.0058,-0.2539,8.4124,2.6081,-111.5257,0.9923
14.4,1.0013,-0.2281,8.4045,2.5897,-113.2381,0.9866
14.42,0.9973,-0.2004,8.3961,2.5716,-114.9588,0.9816
14.44,0.9938,-0.171,8.3872,2.5538,-116.6858,0.9775
14.46,0.991,-0.1396,8.3778,2.5364,-118.4176,0.9742
14.48,0.9889,-0.1067,8.3678,2.5193,-120.1537,0.9718
14.5,0.9875,-0.0722,8.3574,2.5025,-121.8935,0.9704
14.52,0.9867,-0.0363,8.3465,2.4861,-123.6353,0.9699
14.54,0.9868,0.0009,8.335,2.47,-125.3773,0.9705
14.56,0.9875,0.0393,8.3231,2.4543,-127.1187,0.972
14.58,0.9891,0.0788,8.3107,2.4389,-128.8586,0.9746
14.6,0.9915,0.1194,8.2978,2.4238,-130.595,0.9783
14.62,0.9947,0.1608,8.2844,2.4091,-132.3261,0.9831
14.64,0.9988,0.2032,8.2705,2.3947,-134.0508,0.9891
14.66,1.0037,0.2464,8.2561,2.3807,-135.7673,0.9963
14.68,1.0095,0.2902,8.2413,2.3671,-137.4746,1.0047
14.7,1.0099,0.0214,8.226,2.3539,-139.1671,1.0143
14.72,0.9832,-1.3374,8.2107,2.3415,-140.8148,1.0249
14.74,0.9532,-1.5001,8.1956,2.3298,-142.3911,1.0362
14.76,0.9232,-1.4997,8.1807,2.3189,-143.8946,1.0482
14.78,0.8932,-1.5003,8.166,2.3088,-145.326,1.0607
14.8,0.8632,-1.5,8.1516,2.2993,-146.6864,1.0738
14.82,0.8616,-0.0793,8.1369,2.2903,-148.3201,0.8624
14.84,0.8916,1.4986,8.1215,2.2814,-150.1766,0.9336
14.86,0.9216,1.5007,8.1052,2.2727,-151.8733,1.012
14.88,0.9516,1.4997,8.0882,2.2642,-153.4269,1.098
14.9,0.9816,1.5008,8.0704,2.2558,-154.8525,1.1915
14.92,1.0116,1.4989,8.0519,2.2477,-156.1646,1.2933
14.94,1.0416,1.5001,8.0327,2.2397,-157.3755,1.4033
14.96,1.0716,1.5003,8.0127,2.2318,-158.4949,1.5219
14.98,1.1016,1.5005,7.9921,2.2241,-159.5317,1.6494
15,1.1316,1.4986,7.9708,2.2165,-160.4953,1.7862
15.02,1.1616,1.501,7.9488,2.2091,-161.3928,1.9323
15.04,1.1916,1.5001,7.9261,2.2019,-162.2295,2.0882
15.06,1.2216,1.4992,7.9027,2.1947,-163.0122,2.2543
15.08,1.2516,1.5005,7.8787,2.1877,-163.7456,2.4306
15.1,1.2816,1.4996,7.854,2.1808,-164.4338,2.6177
15.12,1.3116,1.5009,7.8286,2.1741,-165.0808,2.8154
15.14,1.3416,1.4989,7.8026,2.1674,-165.6903,3.0247
15.16,1.3716,1.5012,7.776,2.1609,-166.2653,3.2453
15.18,1.4016,1.4992,7.7487,2.1545,-166.8084,3.4779
15.2,1.4316,1.4994,7.7208,2.1483,-167.3229,3.7229
15.22,1.4616,1.5006,7.6922,2.1421,-167.8105,3.9802
15.24,1.4916,1.4996,7.663,2.136,-168.273,4.2505
15.26,1.5216,1.5009,7.6332,2.1301,-168.7124,4.5336
15.28,1.5516,1.4988,7.6027,2.1242,-169.1305,4.8307
15.3,1.5816,1.5011,7.5716,2.1185,-169.5286,5.1412
15.32,1.6116,1.499,7.5398,2.1128,-169.9082,5.4663
15.34,1.6416,1.5013,7.5075,2.1073,-170.2704,5.8054
15.36,1.6716,1.4981,7.4745,2.1018,-170.6166,6.1603
15.38,1.7016,1.5015,7.4409,2.0965,-170.9477,6.5298
15.4,1.7316,1.4994,7.4067,2.0912,-171.2644,6.9151
15.42,1.7616,1.4995,7.3718,2.086,-171.5681,7.317
15.44,1.7916,1.5007,7.3363,2.081,-171.8592,7.7347
15.46,1.8216,1.4997,7.3002,2.076,-172.1384,8.1697
15.48,1.8516,1.4998,7.2635,2.0711,-172.4066,8.622
15.5,1.8816,1.5009,7.2262,2.0663,-172.6642,9.0917
15.52,1.9116,1.4988,7.1883,2.0616,-172.912,9.5802
15.54,1.9416,1.5011,7.1497,2.0569,-173.1505,10.0865
15.56,1.9716,1.499,7.1106,2.0524,-173.3801,10.6131
15.58,2.0016,1.5001,7.0708,2.0479,-173.6014,11.1586
15.6,2.0316,1.5002,7.0304,2.0435,-173.8147,11.7246
15.62,2.0616,1.5002,6.9894,2.0392,-174.0203,12.311
15.64,2.0916,1.5003,6.9478,2.035,-174.2187,12.919
15.66,2.1216,1.4993,6.9055,2.0309,-174.4103,13.5487
15.68,2.1516,1.5004,6.8627,2.0269,-174.5954,14.2012
15.7,2.1816,1.4994,6.8192,2.0229,-174.7743,14.8763
15.72,2.2116,1.5005,6.7752,2.019,-174.9472,15.5737
15.74,2.2416,1.4995,6.7305,2.0152,-175.1145,16.2979
15.76,2.2716,1.5006,6.6853,2.0114,-175.2763,17.0456
15.78,2.3016,1.4986,6.6393,2.0078,-175.433,17.821
15.8,2.3316,1.5018,6.5929,2.0042,-175.5847,18.6215
15.82,2.3616,1.4987,6.5458,2.0007,-175.7316,19.4483
15.84,2.3916,1.4998,6.498,1.9972,-175.8741,20.307
15.86,2.4216,1.5009,6.4497,1.9938,-176.0121,21.1932
15.88,2.4516,1.4999,6.4008,1.9905,-176.1458,22.1081
15.9,2.4816,1.4989,6.3513,1.9873,-176.2756,23.0573
15.92,2.4998,0.9128,6.3014,1.9842,-176.4012,24.0332
15.94,2.5,0.0098,6.2515,1.9812,-176.522,25.0301
15.96,2.5,0,6.2016,1.9782,-176.638,26.0444
15.98,2.5,0,6.1517,1.9754,-176.7493,27.0861
16,2.5,0,6.1018,1.9726,-176.8563,28.1413
16.02,2.5,0,6.0518,1.97,-176.9593,29.2369
16.04,2.5,0,6.0019,1.9674,-177.0584,30.3436
16.06,2.5,0,5.9519,1.9649,-177.1539,31.4709
16.08,2.5,0,5.902,1.9625,-177.2459,32.6312
16.1,2.5,0,5.852,1.9602,-177.3346,33.8133
16.12,2.5,0,5.8021,1.958,-177.4201,35.0337
16.14,2.5,0,5.7521,1.9558,-177.5027,36.2584
16.16,2.5,0,5.7022,1.9537,-177.5824,37.5267
16.18,2.5,0,5.6522,1.9516,-177.6594,38.8266
16.2,2.5,0,5.6023,1.9497,-177.7338,40.1403
16.22,2.5,0,5.5523,1.9477,-177.8057,41.4934
16.24,2.5,0,5.5023,1.9459,-177.8753,42.8668
16.26,2.5,0,5.4524,1.9441,-177.9427,44.2934
16.28,2.5,0,5.4024,1.9424,-178.0078,45.7334
16.3,2.5,0,5.3525,1.9407,-178.0709,47.2243
16.32,2.5,0,5.3025,1.939,-178.1319,48.7672
16.34,2.5,0,5.2524,1.9375,-178.1911,50.3373
16.36,2.5,0,5.2025,1.9359,-178.2485,51.9275
16.38,2.5,0,5.1525,1.9345,-178.3039,53.5618
16.4,2.5,0,5.1025,1.933,-178.3578,55.2733
16.42,2.5,0,5.0526,1.9316,-178.4099,56.9576
16.44,2.5,0,5.0026,1.9303,-178.4605,58.7533
16.46,2.5,0,4.9526,1.929,-178.5095,60.5888
16.48,2.5,0,4.9026,1.9277,-178.5571,62.4598
16.5,2.5,0,4.8526,1.9265,-178.6032,64.3601
16.52,2.5,0,4.8026,1.9253,-178.6479,66.3911
16.54,2.5,0,4.7527,1.9242,-178.6912,68.4522
16.56,2.5,0,4.7026,1.9231,-178.7333,70.5988
16.58,2.5,0,4.6527,1.922,-178.7741,72.7635
16.6,2.5,0,4.6027,1.921,-178.8136,75.0098
16.62,2.5,0,4.5527,1.92,-178.852,77.3397
16.64,2.5,0,4.5027,1.919,-178.8892,79.7549
16.66,2.5,0,4.4527,1.9181,-178.9253,82.2571
16.68,2.5,0,4.4027,1.9172,-178.9603,84.8476
16.7,2.5,0,4.3527,1.9163,-178.9942,87.5259
16.72,2.5,0,4.3028,1.9154,-179.027,90.418
16.74,2.5,0,4.2527,1.9146,-179.0588,93.1405
16.76,2.5,0,4.2027,1.9138,-179.0897,96.07
16.78,2.5,0,4.1528,1.9131,-179.1196,99.2377
16.8,2.5,0,4.1028,1.9123,-179.1485,102.5006
16.82,2.5,0,4.0528,1.9116,-179.1765,106.0497
16.84,2.5,0,4.0028,1.9109,-179.2036,109.7133
16.86,2.5,0,3.9528,1.9102,-179.2298,113.24
16.88,2.5,0,3.9028,1.9096,-179.2552,117.338
16.9,2.5,0,3.8528,1.9089,-179.2797,121.2638
16.92,2.5,0,3.8027,1.9083,-179.3034,125.5528
16.94,2.5,0,3.7528,1.9077,-179.3262,130.2696
16.96,2.5,0,3.7028,1.9072,-179.3482,135.0971
16.98,2.5,0,3.6528,1.9066,-179.3695,139.996
17,2.5,0,3.6028,1.9061,-179.3899,145.4077
17.02,2.5,0,3.5528,1.9056,-179.4096,151.4351
17.04,2.5,0,3.5028,1.9051,-179.4285,157.5839
17.06,2.5,0,3.4528,1.9046,-179.4467,163.7788
17.08,2.5,0,3.4028,1.9041,-179.4642,171.4969
17.1,2.5,0,3.3528,1.9037,-179.4809,179.4258
17.12,2.5,0,3.3028,1.9032,-179.497,188.496
17.14,2.4899,-0.5061,3.253,1.9028,-179.5122,195.3966
17.16,2.4604,-1.476,3.2038,1.9024,-179.5267,205.7411
17.18,2.4304,-1.4998,3.1552,1.902,-179.5403,216.244
17.2,2.4004,-1.4999,3.1072,1.9016,-179.5532,226.6226
17.22,2.3703,-1.4999,3.0597,1.9013,-179.5652,240.7484
17.24,2.3404,-1.5014,3.013,1.9009,-179.5765,252.62
17.26,2.3104,-1.4987,2.9668,1.9006,-179.5871,266.3846
17.28,2.2804,-1.5001,2.9212,1.9003,-179.5969,282.6204
17.3,2.2504,-1.5002,2.8762,1.9,-179.6061,302.1861
17.32,2.2204,-1.5002,2.8318,1.8997,-179.6146,321.1204
17.34,2.1904,-1.5003,2.788,1.8994,-179.6226,344.0861
17.36,2.1604,-1.4988,2.7447,1.8991,-179.6299,364.933
17.38,2.1303,-1.5004,2.7021,1.8988,-179.6366,390.0697
17.4,2.1003,-1.5004,2.6601,1.8986,-179.6428,421.2243
17.42,2.0703,-1.5005,2.6187,1.8983,-179.6484,461.2829
17.44,2.0403,-1.4989,2.5779,1.8981,-179.6535,495.3153
17.46,2.0103,-1.5005,2.5377,1.8978,-179.6581,538.2283
17.48,1.9803,-1.5006,2.4981,1.8976,-179.6622,630.7886
17.5,1.9504,-1.5006,2.4591,1.8974,-179.6659,673.9739
17.52,1.9204,-1.4989,2.4207,1.8972,-179.6691,796.9424
17.54,1.8904,-1.4989,2.3829,1.8969,-179.6719,1028.1089
17.56,1.8604,-1.5025,2.3457,1.8967,-179.6742,1027.4113
17.58,1.8304,-1.4971,2.309,1.8965,-179.6762,1257.3246
17.6,1.8003,-1.5026,2.2731,1.8963,-179.6778,1776.6131
17.62,1.7704,-1.4989,2.2377,1.8961,-179.6791,1775.1538
17.64,1.7404,-1.5008,2.2029,1.8959,-179.68,Infinity
17.66,1.7104,-1.4989,2.1687,1.8957,-179.6806,Infinity
17.68,1.6804,-1.5008,2.1351,1.8955,-179.6808,Infinity
17.7,1.6504,-1.4988,2.102,1.8954,-179.6808,1768.636
17.72,1.6203,-1.5008,2.0696,1.8952,-179.6805,Infinity
17.74,1.5904,-1.5009,2.0378,1.895,-179.6799,1765.0372
17.76,1.5604,-1.4988,2.0066,1.8948,-179.679,1763.1664
17.78,1.5304,-1.5009,1.976,1.8947,-179.678,1245.491
17.8,1.5004,-1.4987,1.946,1.8945,-179.6767,1015.873
17.82,1.4704,-1.5009,1.9166,1.8943,-179.6751,1014.7308
17.8401,1.4403,-1.4986,1.8877,1.8942,-179.6734,1013.5704
17.86,1.4103,-1.5032,1.8596,1.894,-179.6715,715.9699
17.8801,1.3803,-1.4962,1.8319,1.8938,-179.6694,662.1064
17.9,1.3503,-1.5033,1.805,1.8937,-179.6671,661.3272
17.92,1.3204,-1.4985,1.7786,1.8935,-179.6647,582.5811
17.94,1.2904,-1.5009,1.7528,1.8934,-179.6622,552.0426
17.96,1.2604,-1.4983,1.7275,1.8932,-179.6595,503.3676
17.98,1.2303,-1.5008,1.7029,1.8931,-179.6567,483.0527
18,1.2004,-1.5009,1.6789,1.8929,-179.6538,449.1812
18.02,1.1703,-1.4981,1.6555,1.8928,-179.6509,434.4069
18.0401,1.1403,-1.5008,1.6327,1.8926,-179.6478,409.0926
18.06,1.1103,-1.5008,1.6105,1.8925,-179.6447,397.7181
18.08,1.0804,-1.5009,1.5889,1.8924,-179.6415,377.8762
18.1,1.0504,-1.4978,1.5679,1.8922,-179.6383,360.6651
18.12,1.0204,-1.5008,1.5475,1.8921,-179.635,352.6697
18.14,0.9904,-1.5008,1.5277,1.892,-179.6317,338.4597
18.1601,0.9603,-1.4974,1.5084,1.8919,-179.6284,325.7908
18.18,0.9303,-1.5042,1.4899,1.8917,-179.6251,314.406
18.2,0.9004,-1.4972,1.4719,1.8916,-179.6218,304.0997
18.22,0.8704,-1.5007,1.4545,1.8915,-179.6185,299.1405
18.2401,0.8403,-1.4968,1.4376,1.8914,-179.6152,290.1708
18.2601,0.8103,-1.5045,1.4214,1.8913,-179.6119,285.8235
18.28,0.7803,-1.5007,1.4058,1.8912,-179.6087,277.9306
18.3,0.7504,-1.4964,1.3908,1.8911,-179.6055,270.6364
18.3201,0.7203,-1.5004,1.3764,1.891,-179.6024,263.8709
18.3401,0.6903,-1.5004,1.3626,1.8909,-179.5994,260.5483
18.3601,0.6603,-1.5004,1.3494,1.8908,-179.5964,254.4732
18.3801,0.6303,-1.5004,1.3368,1.8907,-179.5935,251.4797
18.4001,0.6003,-1.5005,1.3248,1.8906,-179.5907,245.9887
18.42,0.5703,-1.5005,1.3134,1.8905,-179.588,240.8348
18.4401,0.5403,-1.4944,1.3025,1.8904,-179.5853,238.2838
18.4601,0.5102,-1.5063,1.2923,1.8904,-179.5828,235.8151
18.48,0.4803,-1.5005,1.2828,1.8903,-179.5804,233.4238
18.5001,0.4503,-1.4932,1.2737,1.8902,-179.5781,231.1054
18.5201,0.4202,-1.5074,1.2653,1.8902,-179.576,226.8097
18.5402,0.3902,-1.4921,1.2575,1.8901,-179.5739,226.6804
18.5601,0.3602,-1.5085,1.2503,1.8901,-179.572,224.5685
18.5803,0.3301,-1.4905,1.2436,1.89,-179.5702,220.6271
18.6002,0.3001,-1.5099,1.2377,1.89,-179.5686,220.5299
18.62,0.2702,-1.5007,1.2323,1.8899,-179.5671,218.6001
18.6403,0.2402,-1.4868,1.2274,1.8899,-179.5658,216.7252
18.6602,0.2101,-1.5133,1.2233,1.8899,-179.5646,216.6577
18.68,0.1803,-1.501,1.2197,1.8898,-179.5636,214.8484
18.7005,0.15,-1.4784,1.2166,1.8898,-179.5627,214.799
18.7204,0.1198,-1.5198,1.2142,1.8898,-179.562,213.0517
18.7403,0.0899,-1.5007,1.2125,1.8898,-179.5614,213.023
18.7601,0.0601,-1.5021,1.2113,1.8898,-179.561,213.0039
18.7903,0.0226,-1.2437,1.2106,1.8898,-179.5607,212.9943