0,0,0,0.6755,4.1939,-0.0004,2.477
0.021,0.0144,0.6875,0.6758,4.1939,-0.0048,2.4767
0.0404,0.0384,1.2341,0.6765,4.1939,-0.0187,2.4758
0.0602,0.0629,1.2392,0.6778,4.1939,-0.0451,2.4742
0.0803,0.0878,1.2388,0.6795,4.1939,-0.0851,2.4719
0.1001,0.1127,1.2596,0.6818,4.1939,-0.1383,2.4691
0.1201,0.1376,1.2435,0.6845,4.1939,-0.2048,2.4656
0.14,0.1626,1.2514,0.6878,4.1938,-0.285,2.4616
0.1601,0.1876,1.2468,0.6915,4.1938,-0.3788,2.4569
0.1801,0.2126,1.252,0.6958,4.1938,-0.4863,2.4516
0.2001,0.2376,1.2516,0.7005,4.1937,-0.6073,2.4457
0.2201,0.2626,1.2483,0.7058,4.1937,-0.742,2.4393
0.24,0.2875,1.2518,0.7115,4.1936,-0.8906,2.4323
0.2601,0.3125,1.2464,0.7178,4.1935,-1.0535,2.4247
0.28,0.3376,1.2523,0.7245,4.1933,-1.2308,2.4166
0.3,0.3625,1.2499,0.7318,4.1931,-1.4221,2.4081
0.32,0.3875,1.2502,0.7395,4.1929,-1.6278,2.399
0.34,0.4125,1.2484,0.7478,4.1926,-1.8485,2.3894
0.3601,0.4376,1.2508,0.7565,4.1923,-2.0843,2.3794
0.38,0.4625,1.251,0.7658,4.1919,-2.3347,2.369
0.4,0.4875,1.2494,0.7755,4.1915,-2.6003,2.3581
0.42,0.5125,1.2498,0.7857,4.191,-2.8816,2.3469
0.44,0.5375,1.2501,0.7965,4.1904,-3.1786,2.3353
0.46,0.5625,1.2503,0.8077,4.1897,-3.4914,2.3234
0.48,0.5875,1.2492,0.8194,4.1889,-3.8205,2.3112
0.5,0.6125,1.2509,0.8316,4.188,-4.166,2.2988
0.52,0.6375,1.2498,0.8443,4.187,-4.528,2.2861
0.54,0.6625,1.2488,0.8576,4.1859,-4.9073,2.2732
0.56,0.6875,1.2516,0.8712,4.1846,-5.3037,2.2601
0.58,0.7125,1.2494,0.8854,4.1832,-5.7172,2.247
0.6,0.7375,1.2497,0.9001,4.1816,-6.1487,2.2337
0.62,0.7625,1.25,0.9152,4.1799,-6.5982,2.2204
0.64,0.7875,1.2503,0.9309,4.1779,-7.0658,2.2071
0.66,0.8125,1.2505,0.947,4.1758,-7.5517,2.1938
0.68,0.8375,1.2488,0.9636,4.1735,-8.0565,2.1806
0.7,0.8625,1.251,0.9806,4.1709,-8.5804,2.1676
0.72,0.8875,1.2494,0.9981,4.1681,-9.1234,2.1547
0.74,0.9125,1.2505,1.0161,4.165,-9.6859,2.142
0.76,0.9375,1.2499,1.0346,4.1617,-10.2678,2.1297
0.78,0.9625,1.2501,1.0535,4.158,-10.8696,2.1176
0.8,0.9875,1.2495,1.0728,4.1541,-11.4915,2.106
0.82,1.0125,1.2505,1.0926,4.1498,-12.1334,2.0948
0.84,1.0375,1.2492,1.1129,4.1452,-12.7957,2.084
0.86,1.0625,1.2509,1.1335,4.1403,-13.4783,2.0739
0.88,1.0875,1.2496,1.1546,4.135,-14.1808,2.0644
0.9,1.1125,1.2498,1.1761,4.1292,-14.9039,2.0555
0.92,1.1375,1.25,1.198,4.1231,-15.6473,2.0474
0.94,1.1625,1.2502,1.2203,4.1165,-16.4107,2.0401
0.96,1.1875,1.2503,1.243,4.1095,-17.1938,2.0338
0.98,1.2125,1.2498,1.2661,4.102,-17.9964,2.0283
1,1.2375,1.2499,1.2895,4.094,-18.8185,2.0239
1.02,1.2625,1.25,1.3133,4.0855,-19.6597,2.0206
1.04,1.2875,1.2496,1.3374,4.0765,-20.5195,2.0185
1.06,1.3125,1.2508,1.3618,4.0669,-21.3971,2.0176
1.08,1.3375,1.2497,1.3866,4.0568,-22.2917,2.018
1.1,1.3625,1.2498,1.4116,4.0461,-23.2032,2.0199
1.12,1.3875,1.2499,1.437,4.0347,-24.1308,2.0233
1.14,1.4125,1.2504,1.4625,4.0227,-25.0732,2.0282
1.16,1.4375,1.2499,1.4884,4.0101,-26.0294,2.0349
1.18,1.4611,1.1786,1.5144,3.9969,-26.9983,2.0432
1.2,1.4693,0.4126,1.5404,3.9831,-27.9733,2.0534
1.22,1.474,0.2332,1.5662,3.9688,-28.9468,2.0652
1.24,1.4794,0.2695,1.5918,3.954,-29.9169,2.0788
1.26,1.4855,0.3061,1.6173,3.9388,-30.8832,2.0943
1.28,1.4924,0.3431,1.6427,3.923,-31.8453,2.1115
1.3,1.5,0.3805,1.6679,3.9068,-32.8027,2.1307
1.32,1.5083,0.4183,1.693,3.89,-33.7551,2.1518
1.34,1.5175,0.4567,1.7179,3.8728,-34.7019,2.1749
1.36,1.5274,0.4956,1.7427,3.855,-35.6428,2.2001
1.38,1.5375,0.5046,1.7674,3.8366,-36.5773,2.2274
1.4,1.5245,-0.6471,1.7916,3.8181,-37.4975,2.2565
1.42,1.4995,-1.2499,1.8151,3.7994,-38.3928,2.287
1.44,1.4745,-1.2502,1.838,3.7808,-39.2594,2.3188
1.46,1.4495,-1.2496,1.8601,3.7621,-40.098,2.3521
1.48,1.4245,-1.25,1.8817,3.7435,-40.909,2.3865
1.5,1.3995,-1.2504,1.9026,3.7248,-41.6924,2.4221
1.52,1.3746,-1.2498,1.9228,3.7063,-42.4487,2.4589
1.54,1.3495,-1.2497,1.9425,3.6878,-43.179,2.4966
1.56,1.3245,-1.2501,1.9616,3.6694,-43.8836,2.5354
1.58,1.2995,-1.2506,1.9801,3.6512,-44.5624,2.5751
1.6,1.2746,-1.2495,1.9981,3.6331,-45.2166,2.6156
1.62,1.2495,-1.2499,2.0155,3.6152,-45.847,2.6571
1.64,1.2245,-1.2499,2.0324,3.5974,-46.4541,2.6992
1.66,1.1995,-1.2504,2.0487,3.5799,-47.0383,2.742
1.68,1.1745,-1.2498,2.0646,3.5625,-47.6001,2.7855
1.7,1.1495,-1.2503,2.0799,3.5454,-48.1404,2.8296
1.72,1.1245,-1.2497,2.0948,3.5285,-48.6598,2.8742
1.74,1.0995,-1.2497,2.1092,3.5119,-49.1591,2.9193
1.76,1.0745,-1.2502,2.1231,3.4955,-49.6387,2.9648
1.78,1.0495,-1.2502,2.1365,3.4794,-50.0991,3.0107
1.8,1.0245,-1.2502,2.1496,3.4636,-50.5408,3.0569
1.82,1.0029,-1.0819,2.1622,3.448,-50.9654,3.1036
1.84,1,-0.1451,2.1747,3.4324,-51.378,3.1515
1.86,1,0,2.187,3.4167,-51.7828,3.2009
1.88,1,0,2.1993,3.4009,-52.1807,3.2519
1.9,1,0,2.2115,3.385,-52.5718,3.3044
1.92,1,0,2.2235,3.369,-52.9558,3.3587
1.94,1,0,2.2355,3.353,-53.3331,3.4147
1.96,1,0,2.2473,3.3369,-53.7034,3.4726
1.98,1,0,2.259,3.3207,-54.0669,3.5324
2,1,0,2.2707,3.3044,-54.4239,3.5943
2.02,1,0,2.2822,3.2881,-54.7739,3.6582
2.04,1,0,2.2937,3.2716,-55.1173,3.7245
2.06,1,0,2.305,3.2552,-55.4541,3.7931
2.08,1,0,2.3162,3.2386,-55.784,3.8643
2.1,1,0,2.3274,3.222,-56.1074,3.9384
2.12,1,0,2.3384,3.2054,-56.4242,4.015
2.14,1,0,2.3494,3.1887,-56.7343,4.0952
2.16,1,0,2.3603,3.1719,-57.0381,4.1786
2.18,1,0,2.3711,3.155,-57.3352,4.2655
2.2,1,0,2.3818,3.1381,-57.6256,4.3563
2.22,1,0,2.3924,3.1212,-57.9096,4.4513
2.24,1,0,2.403,3.1042,-58.187,4.5508
2.26,1,0,2.4134,3.0872,-58.4579,4.6555
2.28,1,0,2.4238,3.0701,-58.7223,4.7656
2.3,1,0,2.4341,3.0529,-58.9801,4.8816
2.32,1,0,2.4444,3.0357,-59.2314,5.0042
2.34,0.9999,-0.0072,2.4546,3.0186,-59.1031,1.919
2.36,1,0.0071,2.4651,3.0016,-58.3915,1.8481
2.38,1,0,2.4758,2.9847,-57.6409,1.7835
2.4,1,0,2.4867,2.9679,-56.8574,1.7247
2.42,1,0,2.4979,2.9513,-56.0411,1.6713
2.44,1,0,2.5093,2.9349,-55.1925,1.6229
2.46,1,0,2.521,2.9187,-54.3124,1.5793
2.48,1,0,2.5329,2.9026,-53.4016,1.5401
2.5,1,0,2.5451,2.8867,-52.4619,1.5052
2.52,1,0,2.5576,2.8711,-51.4944,1.4742
2.54,1,0,2.5703,2.8557,-50.5011,1.447
2.56,1,0,2.5833,2.8405,-49.4836,1.4234
2.58,1,0,2.5965,2.8255,-48.444,1.4033
2.6,1,0,2.6101,2.8108,-47.3855,1.3865
2.62,1,0,2.6239,2.7963,-46.3104,1.373
2.64,1,0,2.638,2.7821,-45.2212,1.3625
2.66,1,0,2.6523,2.7682,-44.1213,1.3551
2.68,1,0,2.667,2.7545,-43.0134,1.3505
2.7,1,0,2.6818,2.7412,-41.9008,1.3489
2.72,1,0,2.697,2.7281,-40.7865,1.35
2.74,1.0005,0.0228,2.7124,2.7154,-39.6728,1.3538
2.76,1.0173,0.8408,2.7283,2.7027,-38.5536,1.3605
2.78,1.0423,1.2501,2.7449,2.69,-37.4183,1.3701
2.8,1.0673,1.2504,2.7621,2.6774,-36.2666,1.383
2.82,1.0923,1.2501,2.7799,2.6648,-35.1022,1.3991
2.84,1.1173,1.2498,2.7985,2.6523,-33.9285,1.4188
2.86,1.1423,1.25,2.8177,2.64,-32.7495,1.4421
2.88,1.1673,1.2497,2.8376,2.6278,-31.5693,1.4694
2.9,1.1923,1.2504,2.8582,2.6157,-30.3922,1.5007
2.92,1.2173,1.2501,2.8794,2.6038,-29.2224,1.5362
2.94,1.2417,1.2229,2.9013,2.5921,-28.0636,1.5763
2.96,1.2635,1.0889,2.9238,2.5807,-26.9206,1.6209
2.98,1.2866,1.1521,2.947,2.5695,-25.7968,1.6704
3,1.3112,1.2337,2.9708,2.5585,-24.6938,1.725
3.02,1.3363,1.2501,2.9953,2.5478,-23.6136,1.7849
3.04,1.3613,1.25,3.0205,2.5374,-22.558,1.8505
3.06,1.3863,1.2504,3.0463,2.5272,-21.5291,1.922
3.08,1.4112,1.2499,3.0727,2.5173,-20.5284,1.9996
3.1,1.4362,1.2499,3.0998,2.5077,-19.5567,2.0837
3.12,1.4613,1.2499,3.1275,2.4984,-18.6148,2.1746
3.14,1.4863,1.25,3.1558,2.4893,-17.7036,2.2725
3.16,1.5113,1.2506,3.1847,2.4806,-16.8238,2.3777
3.18,1.5362,1.2494,3.2142,2.4721,-15.975,2.4907
3.2,1.5613,1.2501,3.2444,2.464,-15.1568,2.6117
3.22,1.5863,1.2503,3.2751,2.4561,-14.3694,2.741
3.24,1.6113,1.2501,3.3064,2.4485,-13.6125,2.8791
3.26,1.6363,1.2499,3.3383,2.4412,-12.8852,3.0262
3.28,1.6613,1.2502,3.3708,2.4342,-12.1869,3.1829
3.3,1.6863,1.2496,3.4039,2.4275,-11.5167,3.3495
3.32,1.7113,1.25,3.4375,2.421,-10.8737,3.5264
3.34,1.7363,1.2504,3.4716,2.4148,-10.2575,3.714
3.36,1.75,0.6865,3.5061,2.4089,-9.6687,3.9115
3.38,1.75,0.0016,3.5407,2.4034,-9.1101,4.1176
3.4,1.75,0,3.5753,2.3982,-8.5817,4.3323
3.42,1.75,0,3.6099,2.3933,-8.0817,4.5557
3.44,1.75,0,3.6446,2.3886,-7.608,4.7879
3.46,1.75,0,3.6794,2.3843,-7.1589,5.0292
3.48,1.75,0,3.7141,2.3802,-6.7327,5.2793
3.5,1.75,0,3.7489,2.3763,-6.3282,5.5388
3.52,1.75,0,3.7837,2.3727,-5.9438,5.8073
3.54,1.75,0,3.8186,2.3693,-5.5782,6.0855
3.56,1.75,0,3.8534,2.3661,-5.2301,6.3728
3.58,1.75,0,3.8883,2.3631,-4.8986,6.6701
3.6,1.75,0,3.9232,2.3603,-4.5827,6.9765
3.62,1.75,0,3.9581,2.3577,-4.2814,7.293
3.64,1.75,0,3.993,2.3553,-3.9937,7.6201
3.66,1.75,0,4.0279,2.353,-3.7188,7.9568
3.68,1.75,0,4.0629,2.3509,-3.4561,8.3033
3.7,1.75,0,4.0978,2.3489,-3.205,8.6596
3.72,1.75,0,4.1328,2.3471,-2.9645,9.0273
3.74,1.75,0,4.1677,2.3454,-2.734,9.4065
3.76,1.75,0,4.2027,2.3439,-2.5132,9.7958
3.78,1.75,0,4.2377,2.3425,-2.3015,10.1956
3.8,1.75,0,4.2726,2.3412,-2.0984,10.6066
3.82,1.75,0,4.3076,2.3401,-1.9034,11.0278
3.84,1.75,0,4.3426,2.339,-1.716,11.4622
3.86,1.75,0,4.3776,2.3381,-1.536,11.9061
3.88,1.75,0,4.4126,2.3372,-1.3629,12.3636
3.9,1.75,0,4.4476,2.3365,-1.1964,12.8305
3.92,1.75,0,4.4826,2.3359,-1.0361,13.3131
3.94,1.75,0,4.5176,2.3353,-0.8817,13.8048
3.96,1.75,0,4.5526,2.3349,-0.7329,14.3099
3.98,1.75,0,4.5875,2.3345,-0.5896,14.8257
4,1.75,0,4.6226,2.3342,-0.4513,15.3557
4.02,1.75,0,4.6576,2.3341,-0.3179,15.8994
4.04,1.75,0,4.6926,2.3339,-0.1891,16.456
4.06,1.75,0,4.7276,2.3339,-0.0648,17.0253
4.08,1.7499,-0.008,4.7626,2.334,0.1144,8.4116
4.1,1.75,0.0059,4.7975,2.3342,0.3621,8.2933
4.12,1.75,0,4.8326,2.3346,0.6138,8.175
4.14,1.75,0,4.8676,2.3351,0.8692,8.0567
4.16,1.75,0,4.9025,2.3358,1.1284,7.9388
4.18,1.75,0,4.9375,2.3366,1.3916,7.8214
4.2,1.75,0,4.9725,2.3376,1.6589,7.7034
4.22,1.75,0,5.0075,2.3388,1.9307,7.5859
4.24,1.75,0,5.0425,2.3402,2.2068,7.4685
4.26,1.75,0,5.0774,2.3417,2.4873,7.3518
4.28,1.75,0,5.1124,2.3434,2.7724,7.2346
4.3,1.75,0,5.1473,2.3453,3.0625,7.1176
4.32,1.75,0,5.1823,2.3473,3.3576,7.0009
4.34,1.75,0,5.2172,2.3495,3.6578,6.8843
4.36,1.75,0,5.2521,2.352,3.9634,6.7679
4.38,1.75,0,5.287,2.3546,4.2745,6.6517
4.4,1.75,0,5.3219,2.3574,4.5912,6.5355
4.42,1.75,0,5.3568,2.3604,4.9139,6.4193
4.44,1.75,0,5.3916,2.3636,5.2427,6.3036
4.46,1.75,0,5.4265,2.367,5.578,6.1874
4.48,1.75,0,5.4613,2.3706,5.9199,6.072
4.5,1.75,0,5.4961,2.3744,6.2685,5.9562
4.52,1.75,0,5.5309,2.3784,6.6246,5.8411
4.54,1.75,0,5.5656,2.3827,6.9879,5.7256
4.56,1.75,0,5.6003,2.3872,7.3589,5.6104
4.58,1.75,0,5.635,2.3919,7.7379,5.4953
4.6,1.75,0,5.6696,2.3968,8.1256,5.3802
4.62,1.75,0,5.7042,2.402,8.522,5.2654
4.64,1.75,0,5.7388,2.4075,8.9277,5.1504
4.66,1.75,0,5.7733,2.4131,9.3429,5.0359
4.68,1.75,0,5.8079,2.4191,9.7683,4.9212
4.7,1.75,0,5.8423,2.4253,10.2042,4.8067
4.72,1.75,0,5.8767,2.4317,10.6513,4.6923
4.74,1.75,0,5.911,2.4385,11.1101,4.5781
4.76,1.75,0,5.9453,2.4455,11.5813,4.4637
4.78,1.75,0,5.9795,2.4528,12.0653,4.3497
4.8,1.75,0,6.0137,2.4604,12.5631,4.2356
4.82,1.75,0,6.0478,2.4684,13.0756,4.1216
4.84,1.7455,-0.224,6.0817,2.4766,13.6026,4.008
4.86,1.7225,-1.1489,6.1151,2.485,14.1414,3.896
4.88,1.6975,-1.2499,6.148,2.4936,14.6896,3.7857
4.9,1.6725,-1.2504,6.1802,2.5024,15.2469,3.6772
4.92,1.6475,-1.2498,6.2119,2.5114,15.8136,3.5703
4.94,1.6225,-1.2498,6.2431,2.5205,16.3903,3.4651
4.96,1.5975,-1.2503,6.2736,2.5299,16.9771,3.3617
4.98,1.5725,-1.2497,6.3036,2.5394,17.5744,3.2599
5,1.5475,-1.2497,6.333,2.549,18.1829,3.16
5.02,1.5225,-1.2507,6.3619,2.5588,18.8025,3.0618
5.04,1.4975,-1.2496,6.3901,2.5688,19.4336,2.9653
5.06,1.4725,-1.2496,6.4178,2.5789,20.0774,2.8704
5.08,1.4475,-1.2506,6.4448,2.5892,20.7337,2.7774
5.1,1.4225,-1.2495,6.4713,2.5995,21.4031,2.6862
5.12,1.3975,-1.2505,6.4972,2.61,22.0862,2.5968
5.14,1.3725,-1.2494,6.5225,2.6207,22.7836,2.5091
5.16,1.3475,-1.2503,6.5473,2.6314,23.496,2.4232
5.18,1.3225,-1.2498,6.5714,2.6423,24.2238,2.3392
5.2,1.2975,-1.2502,6.5949,2.6532,24.9676,2.257
5.22,1.2725,-1.2501,6.6178,2.6643,25.7281,2.1766
5.24,1.2475,-1.2495,6.6402,2.6754,26.5061,2.0981
5.26,1.2225,-1.2499,6.6619,2.6866,27.3028,2.0214
5.28,1.1975,-1.2503,6.683,2.6979,28.1182,1.9467
5.3,1.1725,-1.2497,6.7035,2.7093,28.9535,1.8739
5.32,1.1475,-1.2501,6.7234,2.7207,29.8095,1.803
5.34,1.1225,-1.25,6.7427,2.7321,30.6871,1.7341
5.36,1.0975,-1.2498,6.7614,2.7436,31.5873,1.6671
5.38,1.0725,-1.2501,6.7795,2.7552,32.511,1.6022
5.4,1.0475,-1.25,6.797,2.7667,33.4591,1.5392
5.42,1.0225,-1.2503,6.8139,2.7783,34.4324,1.4783
5.44,1.002,-1.026,6.8302,2.7899,35.4348,1.4191
5.46,1,-0.1011,6.8463,2.8018,36.4801,1.3607
5.48,1,0,6.8621,2.814,37.5825,1.303
5.5,1,0,6.8777,2.8265,38.7501,1.2459
5.52,0.9964,-0.1782,6.893,2.8393,39.9876,1.1899
5.54,0.9741,-1.1143,6.9076,2.8522,41.2868,1.1361
5.56,0.9491,-1.2495,6.9216,2.865,42.639,1.0845
5.58,0.9241,-1.2506,6.9349,2.8779,44.0447,1.0353
5.6,0.8991,-1.2495,6.9475,2.8907,45.5069,0.9884
5.62,0.8741,-1.2501,6.9594,2.9035,47.0294,0.9439
5.64,0.8491,-1.2497,6.9706,2.9162,48.6148,0.9018
5.66,0.8241,-1.2506,6.9812,2.9289,50.2655,0.862
5.68,0.7991,-1.2492,6.991,2.9415,51.9846,0.8246
5.7,0.7741,-1.2504,7.0002,2.954,53.7749,0.7895
5.72,0.7491,-1.2498,7.0086,2.9664,55.6375,0.7568
5.74,0.7241,-1.2504,7.0164,2.9786,57.5737,0.7264
5.76,0.6992,-1.2489,7.0235,2.9906,59.5844,0.6983
5.78,0.6746,-1.2253,7.0299,3.0025,61.6705,0.6724
5.8,0.6514,-1.1622,7.0356,3.0142,63.8305,1.6258
5.82,0.6539,0.122,7.0412,3.026,64.5772,1.6184
5.84,0.6789,1.2506,7.0472,3.0382,63.9885,1.6107
5.86,0.7039,1.2498,7.0535,3.0508,63.3743,1.6026
5.88,0.7289,1.2501,7.0602,3.0638,62.7338,1.5943
5.9,0.7539,1.2494,7.0672,3.0771,62.0664,1.5856
5.92,0.7789,1.2507,7.0747,3.0908,61.3718,1.5765
5.94,0.8039,1.2496,7.0826,3.1048,60.6495,1.5671
5.96,0.8289,1.2504,7.0909,3.1191,59.8988,1.5573
5.98,0.8539,1.2494,7.0997,3.1338,59.1189,1.5471
6,0.8789,1.2506,7.1089,3.1487,58.309,1.5366
6.02,0.9039,1.2496,7.1186,3.164,57.4687,1.5255
6.04,0.9289,1.25,7.1288,3.1795,56.5967,1.514
6.06,0.9539,1.2503,7.1396,3.1952,55.6925,1.5021
6.08,0.9789,1.2496,7.1509,3.2112,54.7548,1.4897
6.1,0.9985,0.9827,7.1627,3.2273,53.7854,1.4768
6.12,1,0.0745,7.1748,3.2433,52.7947,1.4637
6.14,1,0,7.1872,3.259,51.7916,1.4504
6.16,1.0059,0.2958,7.1999,3.2746,50.7741,1.4368
6.18,1.0297,1.1889,7.2132,3.2903,49.7288,1.4226
6.2,1.0547,1.2501,7.2271,3.3061,48.6444,1.4078
6.22,1.0797,1.2499,7.2417,3.322,47.5189,1.3923
6.24,1.1047,1.2503,7.257,3.338,46.3506,1.3762
6.26,1.1296,1.2437,7.2729,3.354,45.1373,1.3594
6.28,1.1346,0.2521,7.2892,3.3698,43.8877,1.3423
6.3,1.1251,-0.4772,7.3058,3.385,42.6199,1.325
6.32,1.1154,-0.4857,7.3226,3.3997,41.3413,1.3075
6.34,1.1055,-0.4939,7.3395,3.414,40.0514,1.2899
6.36,1.0954,-0.5017,7.3566,3.4277,38.7499,1.2721
6.38,1.0853,-0.509,7.3738,3.4409,37.4364,1.2544
6.4,1.075,-0.5155,7.3912,3.4535,36.1102,1.2365
6.42,1.0645,-0.5217,7.4087,3.4657,34.771,1.2186
6.44,1.054,-0.5269,7.4262,3.4773,33.4189,1.2008
6.46,1.0434,-0.5309,7.4439,3.4884,32.053,1.183
6.48,1.0327,-0.5346,7.4617,3.4989,30.6728,1.1653
6.5,1.0219,-0.5368,7.4795,3.5089,29.2785,1.1477
6.52,1.0112,-0.5383,7.4974,3.5183,27.8697,1.1303
6.54,1.0004,-0.5381,7.5153,3.5272,26.4458,1.1131
6.56,0.9897,-0.5372,7.5332,3.5356,25.0062,1.0961
6.58,0.979,-0.5347,7.5512,3.5434,23.551,1.0794
6.6,0.9683,-0.531,7.5691,3.5507,22.0797,1.063
6.62,0.9578,-0.526,7.5871,3.5575,20.5923,1.047
6.64,0.9474,-0.5196,7.605,3.5637,19.0887,1.0313
6.66,0.9372,-0.5117,7.6229,3.5693,17.5686,1.0161
6.68,0.9272,-0.5025,7.6407,3.5744,16.0321,1.0014
6.7,0.9173,-0.4917,7.6584,3.579,14.4789,0.9871
6.72,0.9077,-0.4797,7.6761,3.5831,12.9091,0.9733
6.74,0.8984,-0.4662,7.6937,3.5866,11.323,0.9602
6.76,0.8894,-0.4512,7.7113,3.5896,9.7201,0.9475
6.78,0.8807,-0.4352,7.7287,3.5921,8.1012,0.9355
6.8,0.865,-0.7824,7.7459,3.594,6.474,0.9242
6.82,0.8401,-1.2479,7.7626,3.5955,4.8549,0.9138
6.84,0.8151,-1.25,7.7789,3.5964,3.2553,0.9041
6.86,0.7901,-1.2499,7.7947,3.5968,1.6782,0.8953
6.88,0.7651,-1.2502,7.81,3.5969,0.1269,0.8873
6.9,0.7417,-1.1688,7.8248,3.5965,-1.4183,0.7567
6.92,0.7424,0.0363,7.8397,3.5957,-3.2588,0.7673
6.94,0.7517,0.4642,7.8546,3.5943,-5.1764,0.7789
6.96,0.7616,0.4941,7.8698,3.5924,-7.0697,0.7913
6.98,0.772,0.5214,7.885,3.59,-8.9379,0.8045
7,0.7829,0.5456,7.9004,3.5871,-10.7806,0.8184
7.02,0.7943,0.5669,7.9159,3.5836,-12.5973,0.8331
7.04,0.8059,0.5844,7.9315,3.5796,-14.3875,0.8483
7.06,0.8179,0.5983,7.9472,3.5751,-16.1518,0.8641
7.08,0.8301,0.6083,7.963,3.57,-17.8903,0.8804
7.1,0.8424,0.6143,7.9789,3.5643,-19.6031,0.897
7.12,0.8547,0.6155,7.9948,3.5581,-21.2909,0.9138
7.14,0.8669,0.6124,8.0108,3.5514,-22.9552,0.9307
7.16,0.879,0.6047,8.0268,3.5441,-24.5962,0.9476
7.18,0.8909,0.5918,8.0427,3.5362,-26.2145,0.9642
7.2,0.9023,0.574,8.0587,3.5278,-27.8118,0.9805
7.22,0.9134,0.5513,8.0746,3.5188,-29.3894,0.9962
7.24,0.9238,0.5235,8.0905,3.5093,-30.9486,1.0112
7.26,0.9336,0.4909,8.1062,3.4993,-32.4908,1.0254
7.28,0.9427,0.4534,8.1218,3.4887,-34.0173,1.0384
7.3,0.9509,0.4115,8.1373,3.4777,-35.53,1.0502
7.32,0.9583,0.3654,8.1526,3.4661,-37.0302,1.0607
7.34,0.9646,0.3153,8.1677,3.4541,-38.5198,1.0696
7.36,0.9698,0.262,8.1826,3.4416,-40.0005,1.0769
7.38,0.9739,0.2057,8.1972,3.4287,-41.474,1.0824
7.4,0.9769,0.1472,8.2115,3.4154,-42.9425,1.0861
7.42,0.9786,0.0871,8.2255,3.4017,-44.4074,1.0879
7.44,0.9791,0.0259,8.2391,3.3877,-45.8704,1.0877
7.46,0.9784,-0.0355,8.2523,3.3733,-47.3335,1.0856
7.48,0.9765,-0.0965,8.2652,3.3586,-48.7988,1.0817
7.5,0.9733,-0.1565,8.2777,3.3436,-50.2677,1.0759
7.52,0.9691,-0.2147,8.2897,3.3284,-51.7421,1.0683
7.54,0.9636,-0.2704,8.3012,3.313,-53.2238,1.0592
7.56,0.9572,-0.3233,8.3122,3.2974,-54.7149,1.0485
7.58,0.9497,-0.3726,8.3228,3.2816,-56.2173,1.0365
7.6,0.9414,-0.4183,8.3329,3.2656,-57.7322,1.0232
7.62,0.9322,-0.4594,8.3424,3.2496,-59.261,1.0089
7.64,0.9223,-0.4962,8.3514,3.2335,-60.8054,0.9938
7.66,0.9117,-0.5278,8.3598,3.2174,-62.3671,0.978
7.68,0.9006,-0.555,8.3678,3.2012,-63.9481,0.9617
7.7,0.8891,-0.5771,8.3751,3.185,-65.5486,0.945
7.72,0.8772,-0.5937,8.3819,3.1688,-67.1703,0.9281
7.74,0.8651,-0.6059,8.3882,3.1527,-68.815,0.9112
7.76,0.8528,-0.6131,8.3939,3.1366,-70.4827,0.8945
7.78,0.8364,-0.8175,8.399,3.1207,-72.1703,0.878
7.8,0.8117,-1.237,8.4035,3.1051,-73.8655,0.8621
7.82,0.7867,-1.2502,8.4074,3.0899,-75.5575,0.8469
7.84,0.7617,-1.2499,8.4108,3.075,-77.2437,0.8326
7.86,0.7367,-1.2499,8.4136,3.0606,-78.9215,0.819
7.88,0.7117,-1.25,8.416,3.0465,-80.5876,0.8063
7.9,0.6867,-1.25,8.4178,3.0329,-82.2383,0.7944
7.92,0.6617,-1.25,8.4192,3.0197,-83.8696,0.7835
7.94,0.6367,-1.2497,8.4202,3.007,-85.4779,0.7735
7.96,0.6117,-1.2502,8.4209,2.9948,-87.0588,0.7643
7.98,0.5867,-1.2503,8.4211,2.9831,-88.6071,0.756
8,0.5701,-0.8315,8.4211,2.9717,-90.3026,0.5886
8.02,0.5908,1.0369,8.4205,2.9599,-92.6948,0.6129
8.04,0.6158,1.2503,8.4194,2.9476,-95.0637,0.6389
8.06,0.6408,1.2502,8.4178,2.9349,-97.3276,0.6667
8.08,0.6658,1.2496,8.4156,2.9218,-99.4932,0.696
8.1,0.6908,1.2505,8.4128,2.9083,-101.5662,0.7265
8.12,0.7158,1.2495,8.4095,2.8943,-103.5541,0.758
8.14,0.7408,1.2502,8.4055,2.8801,-105.4647,0.7901
8.16,0.7658,1.2501,8.401,2.8654,-107.3049,0.8227
8.18,0.7908,1.25,8.3958,2.8505,-109.0827,0.8552
8.2,0.8158,1.2497,8.39,2.8352,-110.8061,0.8874
8.22,0.8408,1.2501,8.3836,2.8197,-112.4824,0.9188
8.24,0.8658,1.2499,8.3765,2.8039,-114.1185,0.949
8.26,0.8908,1.2501,8.3688,2.7878,-115.7215,0.9778
8.28,0.9147,1.1961,8.3604,2.7716,-117.2971,1.0045
8.3,0.9327,0.8978,8.3514,2.7552,-118.8464,1.0289
8.32,0.948,0.7662,8.3418,2.7389,-120.3692,1.0506
8.34,0.9613,0.6623,8.3316,2.7226,-121.8691,1.0694
8.36,0.9724,0.5568,8.321,2.7063,-123.35,1.085
8.38,0.9814,0.4513,8.3097,2.6902,-124.8154,1.0976
8.4,0.9884,0.3476,8.2981,2.6743,-126.2693,1.1069
8.42,0.9933,0.2472,8.2859,2.6586,-127.7145,1.1133
8.44,0.9964,0.1511,8.2733,2.6431,-129.154,1.1166
8.46,0.9976,0.0603,8.2603,2.628,-130.5902,1.1171
8.48,0.9971,-0.0242,8.247,2.6131,-132.0261,1.1151
8.5,0.995,-0.1018,8.2333,2.5987,-133.464,1.1107
8.52,0.9916,-0.1723,8.2193,2.5846,-134.9056,1.1042
8.54,0.9869,-0.2352,8.205,2.571,-136.3531,1.0958
8.56,0.9811,-0.2906,8.1905,2.5578,-137.8085,1.0859
8.58,0.9743,-0.3384,8.1757,2.5451,-139.2733,1.0747
8.6,0.9667,-0.3789,8.1607,2.5329,-140.7492,1.0624
8.62,0.9585,-0.4124,8.1456,2.5212,-142.2371,1.0494
8.64,0.9497,-0.4387,8.1303,2.5099,-143.7384,1.0357
8.66,0.9405,-0.459,8.1148,2.4992,-145.2541,1.0216
8.68,0.9311,-0.473,8.0992,2.489,-146.7845,1.0074
8.7,0.9214,-0.4811,8.0835,2.4793,-148.3309,0.9931
8.72,0.9118,-0.4844,8.0678,2.4702,-149.8939,0.979
8.74,0.9021,-0.4824,8.0519,2.4616,-151.4731,0.9652
8.76,0.8926,-0.4759,8.036,2.4535,-153.0694,0.9517
8.78,0.8833,-0.4654,8.02,2.4459,-154.683,0.9387
8.8,0.8743,-0.4513,8.004,2.4389,-156.3129,0.9263
8.82,0.8656,-0.4333,7.988,2.4324,-157.9593,0.9146
8.84,0.8573,-0.4126,7.9719,2.4264,-159.6224,0.9036
8.86,0.8496,-0.3889,7.9558,2.421,-161.301,0.8934
8.88,0.8423,-0.3628,7.9397,2.4161,-162.9944,0.884
8.9,0.8356,-0.3341,7.9236,2.4117,-164.702,0.8754
8.92,0.8296,-0.3036,7.9075,2.4078,-166.4227,0.8678
8.94,0.8241,-0.271,7.8913,2.4044,-168.1552,0.8611
8.96,0.8194,-0.2368,7.8752,2.4015,-169.8987,0.8553
8.98,0.8154,-0.201,7.8591,2.3991,-171.6515,0.8506
9,0.8121,-0.164,7.8429,2.3973,-173.412,0.8468
9.02,0.8096,-0.1256,7.8268,2.3959,-175.1788,0.844
9.04,0.8079,-0.0862,7.8107,2.3951,-176.9502,0.8423
9.06,0.8069,-0.0457,7.7945,2.3947,-178.724,0.8417
9.08,0.8069,-0.0043,7.7784,2.3948,179.5004,0.8421
9.1,0.8149,0.4014,7.7621,2.3955,177.7396,0.8565
9.12,0.8169,0.099,7.7458,2.3966,175.9934,0.8535
9.14,0.8152,-0.0843,7.7296,2.3983,174.2375,0.8521
9.16,0.8147,-0.0232,7.7134,2.4004,172.4795,0.8522
9.18,0.8155,0.0381,7.6973,2.403,170.7218,0.854
9.2,0.8175,0.0998,7.6813,2.4061,168.9671,0.8575
9.22,0.8207,0.1617,7.6653,2.4098,167.2182,0.8625
9.24,0.8252,0.2241,7.6493,2.4139,165.4773,0.8693
9.26,0.8309,0.2869,7.6334,2.4186,163.7469,0.8777
9.28,0.8379,0.3505,7.6174,2.4237,162.0295,0.888
9.3,0.8462,0.4147,7.6015,2.4294,160.3281,0.9001
9.32,0.8558,0.4798,7.5855,2.4357,158.6447,0.9141
9.34,0.8667,0.5455,7.5696,2.4424,156.9811,0.9302
9.36,0.879,0.613,7.5536,2.4498,155.3396,0.9484
9.38,0.8926,0.681,7.5376,2.4577,153.7224,0.9688
9.4,0.9076,0.7509,7.5216,2.4662,152.1305,0.9917
9.42,0.9241,0.8227,7.5055,2.4752,150.566,1.0171
9.44,0.942,0.8959,7.4893,2.4849,149.0305,1.0452
9.46,0.9614,0.9719,7.4731,2.4953,147.5251,1.0763
9.48,0.9824,1.0501,7.4568,2.5062,146.0512,1.1106
9.5,1.0051,1.1315,7.4404,2.5179,144.6093,1.1484
9.52,1.0294,1.2134,7.4239,2.5302,143.2005,1.1899
9.54,1.0543,1.2492,7.4073,2.5432,141.827,1.2356
9.56,1.0793,1.2502,7.3907,2.557,140.4909,1.2857
9.58,1.1043,1.2498,7.374,2.5714,139.1944,1.3406
9.6,1.1293,1.25,7.3572,2.5865,137.9395,1.4008
9.62,1.1543,1.2499,7.3404,2.6024,136.7278,1.4669
9.64,1.1793,1.2502,7.3235,2.6189,135.5612,1.5393
9.66,1.2043,1.2497,7.3067,2.6361,134.4403,1.6189
9.68,1.2278,1.1744,7.2898,2.6539,133.3668,1.7065
9.7,1.217,-0.5398,7.2734,2.6719,132.3553,1.8005
9.72,1.192,-1.2501,7.2576,2.6898,131.4216,1.9004
9.74,1.167,-1.2502,7.2425,2.7075,130.5653,2.0063
9.76,1.142,-1.2498,7.2279,2.7251,129.7798,2.1195
9.78,1.117,-1.2502,7.2138,2.7424,129.0597,2.2404
9.8,1.092,-1.2499,7.2002,2.7595,128.3998,2.3702
9.82,1.067,-1.25,7.1871,2.7764,127.7957,2.5101
9.84,1.042,-1.25,7.1745,2.793,127.2433,2.6617
9.86,1.017,-1.2503,7.1624,2.8093,126.739,2.8271
9.88,1.0004,-0.8307,7.1505,2.8254,126.2776,3.0106
9.9,1,-0.0205,7.1388,2.8416,125.8513,3.2188
9.92,1,0,7.1272,2.8579,125.4559,3.4598
9.94,1,0,7.1157,2.8743,125.0908,3.742
9.96,1,0,7.1043,2.8907,124.7558,4.0797
9.98,1,0,7.093,2.9072,124.4509,4.4946
10,1,0,7.0818,2.9238,124.1765,5.0198
10.02,1,0,7.0706,2.9404,123.9326,5.7098
10.04,1,0,7.0595,2.957,123.72,6.6671
10.06,1,0,7.0484,2.9737,123.5396,8.0917
10.08,1,0,7.0374,2.9904,123.3923,10.4845
10.1,1,0,7.0265,3.0071,123.2795,15.3277
10.12,1,0,7.0155,3.0238,123.2032,30.7146
10.14,1.0001,0.0066,7.0046,3.0406,122.8683,2.4781
10.16,1,-0.0065,6.9939,3.0575,122.3377,3.2775
10.18,1,0,6.9834,3.0745,121.9506,5.1208
10.2,1,0,6.9729,3.0915,121.7122,13.6486
10.22,1,0,6.9624,3.1085,121.6263,16.9714
10.24,1,0,6.9519,3.1255,121.6951,5.4347
10.26,1,0,6.9413,3.1425,121.919,3.3521
10.28,1,0,6.9306,3.1594,122.2969,2.4864
10.3,1,0,6.9198,3.1762,122.8257,2.0175
10.32,1,0,6.9087,3.1929,123.5006,1.7267
10.34,1,0,6.8974,3.2094,124.3151,1.5317
10.36,1,0,6.8859,3.2258,125.2606,1.3943
10.38,1,0,6.8741,3.2419,126.3271,1.2946
10.4,1,0,6.8619,3.2577,127.5032,1.2209
10.42,1,0.0001,6.8493,3.2733,128.7755,1.1664
10.44,1.0032,0.1606,6.8364,3.2887,130.1319,1.1264
10.46,0.994,-0.461,6.8232,3.3035,131.5514,1.0983
10.48,0.9793,-0.7338,6.8099,3.3179,133.0047,1.0797
10.5,0.97,-0.468,6.7963,3.3317,134.4757,1.0688
10.52,0.9651,-0.2427,6.7824,3.3451,135.9569,1.0645
10.54,0.9642,-0.0465,6.7682,3.3582,137.4427,1.0658
10.56,0.9668,0.1285,6.7536,3.3709,138.9275,1.0723
10.58,0.9725,0.2879,6.7386,3.3833,140.4055,1.0836
10.6,0.9812,0.4354,6.7232,3.3954,141.8727,1.0995
10.62,0.9927,0.5745,6.7073,3.4072,143.3245,1.1199
10.64,1.0068,0.7063,6.6908,3.4189,144.7577,1.1448
10.66,1.0235,0.8338,6.6738,3.4303,146.1696,1.1741
10.68,1.0427,0.9577,6.6562,3.4414,147.5564,1.2081
10.7,1.0642,1.0782,6.638,3.4524,148.9163,1.2469
10.72,1.0881,1.1942,6.6191,3.4632,150.2479,1.2906
10.74,1.1131,1.2486,6.5995,3.4738,151.5481,1.3396
10.76,1.1381,1.2497,6.5793,3.4842,152.814,1.394
10.78,1.1631,1.2501,6.5584,3.4944,154.0428,1.454
10.8,1.1881,1.2502,6.5368,3.5044,155.2318,1.5197
10.82,1.2131,1.2503,6.5146,3.5141,156.3792,1.5913
10.84,1.2381,1.2499,6.4917,3.5236,157.4844,1.6691
10.86,1.2631,1.2502,6.4682,3.5328,158.5471,1.7532
10.88,1.2881,1.2495,6.444,3.5418,159.5678,1.844
10.9,1.3131,1.2509,6.4193,3.5506,160.5464,1.9414
10.92,1.3381,1.2492,6.3939,3.5591,161.4837,2.046
10.94,1.3631,1.2507,6.3679,3.5673,162.3811,2.1576
10.96,1.3881,1.2496,6.3413,3.5753,163.2393,2.2768
10.98,1.4131,1.2502,6.3142,3.5831,164.0602,2.4035
11,1.4381,1.2502,6.2864,3.5906,164.8446,2.5381
11.02,1.4631,1.2503,6.2581,3.5979,165.5941,2.6808
11.04,1.4881,1.2492,6.2291,3.6049,166.3108,2.8319
11.06,1.5131,1.251,6.1997,3.6117,166.9957,2.9914
11.08,1.5381,1.2494,6.1696,3.6183,167.6502,3.1597
11.1,1.5631,1.2501,6.139,3.6247,168.2763,3.3371
11.12,1.5881,1.2502,6.1079,3.6308,168.875,3.5237
11.14,1.6131,1.2497,6.0761,3.6367,169.4478,3.7199
11.16,1.6381,1.2505,6.0439,3.6424,169.9959,3.9254
11.18,1.6631,1.2494,6.0111,3.6479,170.5207,4.1414
11.2,1.6881,1.2508,5.9777,3.6531,171.0233,4.3672
11.22,1.7131,1.2497,5.9438,3.6582,171.5048,4.6035
11.24,1.7381,1.2495,5.9094,3.663,171.9667,4.8505
11.26,1.75,0.5972,5.8747,3.6677,172.4082,5.1067
11.28,1.75,0,5.84,3.672,172.8274,5.3697
11.3,1.75,0,5.8052,3.6762,173.2246,5.6401
11.32,1.75,0,5.7704,3.6801,173.6018,5.9178
11.34,1.75,0,5.7356,3.6838,173.9604,6.2022
11.36,1.75,0,5.7008,3.6872,174.3014,6.4937
11.38,1.75,0,5.6659,3.6905,174.6264,6.792
11.4,1.75,0,5.6311,3.6936,174.9364,7.0975
11.42,1.75,0,5.5962,3.6965,175.2324,7.4092
11.44,1.75,0,5.5613,3.6992,175.5154,7.728
11.46,1.75,0,5.5264,3.7018,175.7861,8.0534
11.48,1.75,0,5.4915,3.7042,176.0455,8.3862
11.5,1.75,0,5.4566,3.7065,176.2943,8.7247
11.52,1.75,0,5.4216,3.7086,176.5329,9.0699
11.54,1.75,0,5.3867,3.7106,176.7622,9.4219
11.56,1.75,0,5.3518,3.7124,176.9825,9.78
11.58,1.75,0,5.3168,3.7141,177.1946,10.1454
11.6,1.75,0,5.2818,3.7157,177.3988,10.516
11.62,1.75,0,5.2469,3.7172,177.5955,10.8933
11.64,1.75,0,5.2119,3.7185,177.7851,11.277
11.66,1.75,0,5.1769,3.7198,177.9683,11.667
11.68,1.75,0,5.1419,3.7209,178.1451,12.0631
11.7,1.75,0,5.107,3.7219,178.3158,12.4661
11.72,1.75,0,5.072,3.7229,178.4809,12.8742
11.74,1.75,0,5.037,3.7237,178.6407,13.2891
11.76,1.75,0,5.002,3.7244,178.7955,13.7101
11.78,1.75,0,4.967,3.7251,178.9453,14.1369
11.8,1.75,0,4.932,3.7256,179.0904,14.5695
11.82,1.75,0,4.897,3.7261,179.2311,15.009
11.84,1.75,0,4.862,3.7265,179.3677,15.4542
11.86,1.75,0,4.827,3.7268,179.5002,15.9049
11.88,1.75,0,4.792,3.727,179.6289,16.36
11.9,1.75,0,4.757,3.7272,179.754,16.8238
11.92,1.75,0,4.722,3.7273,179.8755,17.2916
11.94,1.7492,-0.0418,4.687,3.7273,179.9927,19.0409
11.96,1.75,0.0388,4.652,3.7272,-179.8982,18.2275
11.98,1.75,0,4.617,3.7271,-179.7862,17.4398
12,1.75,0,4.582,3.7269,-179.669,16.6792
12.02,1.75,0,4.547,3.7266,-179.5464,15.9439
12.04,1.75,0,4.512,3.7262,-179.4181,15.2348
12.06,1.75,0,4.477,3.7258,-179.2836,14.5547
12.08,1.75,0,4.442,3.7253,-179.1427,13.8954
12.1,1.75,0,4.407,3.7247,-178.995,13.2618
12.12,1.75,0,4.372,3.724,-178.8399,12.6474
12.14,1.75,0,4.337,3.7231,-178.6772,12.0589
12.16,1.75,0,4.302,3.7222,-178.5063,11.49
12.18,1.75,0,4.267,3.7212,-178.3266,10.9436
12.2,1.75,0,4.2321,3.7201,-178.1379,10.4166
12.22,1.75,0,4.1971,3.7188,-177.9392,9.9108
12.24,1.75,0,4.1621,3.7174,-177.73,9.4238
12.26,1.75,0,4.1272,3.7159,-177.5096,8.9559
12.28,1.75,0,4.0922,3.7142,-177.2773,8.5052
12.3,1.75,0,4.0572,3.7124,-177.0321,8.0733
12.32,1.75,0,4.0223,3.7105,-176.7734,7.6586
12.34,1.75,0,3.9874,3.7083,-176.5001,7.2612
12.36,1.75,0,3.9524,3.706,-176.211,6.8802
12.38,1.75,0,3.9175,3.7035,-175.9053,6.5155
12.4,1.75,0,3.8826,3.7008,-175.5815,6.1664
12.42,1.75,0,3.8477,3.6979,-175.2381,5.8321
12.44,1.75,0,3.8129,3.6948,-174.8741,5.5134
12.46,1.75,0,3.7781,3.6914,-174.4879,5.209
12.48,1.75,0,3.7432,3.6878,-174.0774,4.9184
12.5,1.75,0,3.7085,3.6839,-173.6409,4.6419
12.52,1.75,0,3.6737,3.6798,-173.1768,4.3791
12.54,1.75,0,3.639,3.6753,-172.6825,4.129
12.56,1.7481,-0.0918,3.6043,3.6705,-172.1558,3.8921
12.58,1.7279,-1.0123,3.5702,3.6655,-171.598,3.6704
12.6,1.7029,-1.2498,3.5365,3.6602,-171.0111,3.4634
12.62,1.6779,-1.2502,3.5034,3.6546,-170.3947,3.2707
12.64,1.6529,-1.2496,3.4709,3.6487,-169.7477,3.0912
12.66,1.6279,-1.2499,3.4389,3.6425,-169.069,2.9244
12.68,1.6029,-1.2502,3.4075,3.636,-168.358,2.7698
12.7,1.5779,-1.2496,3.3767,3.6293,-167.6138,2.6265
12.72,1.5529,-1.2502,3.3465,3.6222,-166.8356,2.494
12.74,1.5279,-1.2499,3.3168,3.6148,-166.0234,2.3718
12.76,1.5029,-1.2501,3.2878,3.6071,-165.1769,2.2594
12.78,1.4779,-1.2497,3.2593,3.5991,-164.296,2.1561
12.8,1.4529,-1.2502,3.2315,3.5908,-163.3811,2.0617
12.82,1.4279,-1.2497,3.2042,3.5822,-162.433,1.9754
12.84,1.4029,-1.2501,3.1776,3.5733,-161.4528,1.8971
12.86,1.3779,-1.2499,3.1517,3.5641,-160.4422,1.8263
12.88,1.3529,-1.2498,3.1263,3.5545,-159.4029,1.7625
12.9,1.3279,-1.25,3.1017,3.5447,-158.3375,1.7054
12.92,1.3031,-1.2399,3.0776,3.5346,-157.2488,1.6547
12.94,1.2801,-1.1529,3.0542,3.5243,-156.1396,1.6101
12.96,1.2595,-1.0293,3.0314,3.5137,-155.0113,1.571
12.98,1.2413,-0.9086,3.0091,3.5027,-153.8652,1.5373
13,1.2255,-0.7891,2.9873,3.4915,-152.7034,1.5087
13.02,1.2121,-0.6706,2.966,3.4799,-151.5279,1.4849
13.04,1.2011,-0.5523,2.9451,3.468,-150.3404,1.466
13.06,1.1924,-0.4342,2.9247,3.4558,-149.1431,1.4517
13.08,1.18,-0.6188,2.9047,3.4433,-147.9415,1.442
13.1,1.1555,-1.227,2.8853,3.4306,-146.7481,1.437
13.12,1.1304,-1.2503,2.8667,3.4178,-145.5746,1.4364
13.14,1.1055,-1.2499,2.8487,3.405,-144.4265,1.4401
13.16,1.0805,-1.2501,2.8314,3.3921,-143.3079,1.4479
13.18,1.0555,-1.2494,2.8147,3.3791,-142.2221,1.4597
13.2,1.0305,-1.2508,2.7986,3.3662,-141.1728,1.4753
13.22,1.0065,-1.1997,2.7832,3.3533,-140.162,1.4945
13.24,1,-0.3226,2.768,3.3402,-139.1823,1.5178
13.26,1,0,2.7531,3.3269,-138.225,1.5455
13.28,1,0,2.7384,3.3133,-137.2894,1.5776
13.3,1,0,2.724,3.2995,-136.3779,1.6146
13.32,1,0,2.7097,3.2855,-135.4923,1.6567
13.34,1,0,2.6956,3.2713,-134.6343,1.7042
13.36,1,0,2.6818,3.2569,-133.8061,1.7575
13.38,1,0,2.6682,3.2422,-133.0086,1.817
13.4,1,0,2.6547,3.2274,-132.2425,1.8833
13.42,1,0,2.6415,3.2125,-131.5091,1.9568
13.44,1,0,2.6284,3.1973,-130.8086,2.0382
13.46,1,0,2.6155,3.182,-130.1411,2.1281
13.48,1,0,2.6028,3.1666,-129.5071,2.2275
13.5,1,0,2.5902,3.151,-128.906,2.3374
13.52,1,0,2.5778,3.1353,-128.3376,2.4586
13.54,1,0,2.5655,3.1195,-127.8015,2.5928
13.56,1,0,2.5534,3.1036,-127.297,2.7409
13.58,1,0,2.5414,3.0876,-126.8235,2.9052
13.6,1,0,2.5296,3.0715,-126.38,3.0875
13.62,1,0,2.5178,3.0553,-125.9657,3.2902
13.64,1,0,2.5062,3.0391,-125.5796,3.5163
13.66,0.9999,-0.0054,2.4947,3.0227,-125.2248,1.2293
13.68,1,0.005,2.483,3.0065,-125.7901,1.2431
13.7,1,0,2.4709,2.9905,-127.0329,1.2581
13.72,1,0,2.4585,2.9748,-128.2555,1.2743
13.74,1,0,2.4458,2.9594,-129.4575,1.2918
13.76,1,0,2.4328,2.9442,-130.638,1.3103
13.78,1,0,2.4195,2.9293,-131.7961,1.33
13.8,1,0,2.4058,2.9147,-132.9318,1.3509
13.82,1,0,2.3919,2.9003,-134.0448,1.3728
13.84,1,0,2.3778,2.8862,-135.1342,1.3958
13.86,1,0,2.3633,2.8723,-136.2001,1.4199
13.88,1,0,2.3486,2.8588,-137.2427,1.4451
13.9,1,0,2.3337,2.8454,-138.2621,1.4713
13.92,1,0,2.3186,2.8324,-139.2581,1.4985
13.94,1,0,2.3032,2.8196,-140.2315,1.5267
13.96,1,0,2.2876,2.8071,-141.1822,1.5558
13.98,1,0,2.2718,2.7948,-142.1101,1.5859
14,1,0,2.2559,2.7827,-143.0161,1.6169
14.02,1,0,2.2397,2.771,-143.9002,1.6487
14.04,1,0,2.2234,2.7594,-144.7633,1.6815
14.06,1,0,2.2069,2.7481,-145.6057,1.7151
14.08,1,0,2.1902,2.7371,-146.4277,1.7495
14.1,1,0,2.1734,2.7262,-147.23,1.7847
14.12,1.0089,0.4461,2.1563,2.7156,-148.0164,1.821
14.14,1.0336,1.2348,2.1386,2.7048,-148.7964,1.859
14.16,1.0586,1.2498,2.1203,2.6941,-149.5759,1.8987
14.18,1.0836,1.2502,2.1015,2.6834,-150.3539,1.9401
14.2,1.1086,1.25,2.0821,2.6727,-151.1296,1.9832
14.22,1.1336,1.2504,2.0621,2.662,-151.9021,2.0281
14.24,1.1586,1.2492,2.0415,2.6514,-152.6714,2.0748
14.26,1.1836,1.2506,2.0203,2.6408,-153.4365,2.1232
14.28,1.2086,1.2495,1.9985,2.6303,-154.1969,2.1735
14.3,1.2336,1.2504,1.9762,2.6198,-154.9522,2.2254
14.32,1.2586,1.2498,1.9533,2.6095,-155.7019,2.2791
14.34,1.2836,1.2497,1.9297,2.5992,-156.4458,2.3346
14.36,1.3086,1.2506,1.9056,2.5891,-157.1833,2.3917
14.38,1.3336,1.2496,1.8809,2.579,-157.9142,2.4506
14.4,1.3586,1.25,1.8556,2.5691,-158.6385,2.511
14.42,1.3836,1.25,1.8297,2.5594,-159.356,2.573
14.44,1.4086,1.2499,1.8032,2.5498,-160.0665,2.6364
14.46,1.4336,1.2504,1.7761,2.5403,-160.7697,2.7012
14.48,1.4586,1.2495,1.7485,2.5311,-161.4659,2.7674
14.5,1.4836,1.2504,1.7202,2.522,-162.1551,2.8347
14.52,1.5086,1.2499,1.6914,2.5131,-162.837,2.9032
14.54,1.5336,1.25,1.662,2.5044,-163.512,2.9725
14.56,1.5423,0.4326,1.6323,2.4959,-164.1767,3.0419
14.58,1.5182,-1.2041,1.603,2.488,-164.8213,3.1097
14.6,1.4932,-1.2502,1.5741,2.4805,-165.4402,3.1758
14.62,1.4682,-1.25,1.5456,2.4734,-166.0346,3.2401
14.64,1.4432,-1.2498,1.5175,2.4667,-166.6062,3.3025
14.66,1.4182,-1.25,1.4899,2.4604,-167.1563,3.3629
14.68,1.3932,-1.2506,1.4627,2.4545,-167.6859,3.4212
14.7,1.3682,-1.2494,1.4359,2.4489,-168.1962,3.4773
14.72,1.3432,-1.2501,1.4095,2.4436,-168.6886,3.5313
14.74,1.3182,-1.2503,1.3836,2.4386,-169.1636,3.583
14.76,1.2932,-1.2499,1.3582,2.434,-169.6223,3.6325
14.78,1.2682,-1.2495,1.3332,2.4296,-170.0656,3.6798
14.8,1.2432,-1.2507,1.3087,2.4255,-170.4941,3.7246
14.82,1.2182,-1.2498,1.2846,2.4217,-170.9084,3.7672
14.84,1.1932,-1.2499,1.261,2.418,-171.3094,3.8074
14.86,1.1682,-1.2495,1.2379,2.4147,-171.6976,3.8454
14.88,1.1432,-1.2507,1.2153,2.4115,-172.0736,3.881
14.9,1.1182,-1.2502,1.1931,2.4086,-172.4374,3.9144
14.92,1.0932,-1.2497,1.1714,2.4058,-172.79,3.9454
14.94,1.0682,-1.2498,1.1502,2.4033,-173.1317,3.9743
14.96,1.0432,-1.2498,1.1295,2.4009,-173.463,4.0012
14.98,1.0182,-1.2505,1.1092,2.3987,-173.7841,4.0259
15,0.9932,-1.2499,1.0895,2.3967,-174.0951,4.0485
15.02,0.9682,-1.2499,1.0702,2.3948,-174.3966,4.0691
15.04,0.9432,-1.25,1.0514,2.393,-174.6888,4.0878
15.06,0.9182,-1.25,1.0331,2.3914,-174.972,4.1048
15.08,0.8932,-1.2507,1.0153,2.3899,-175.2462,4.1198
15.1,0.8682,-1.2493,0.998,2.3886,-175.5117,4.1331
15.12,0.8432,-1.25,0.9812,2.3873,-175.769,4.1448
15.14,0.8182,-1.25,0.9649,2.3862,-176.018,4.1551
15.16,0.7932,-1.25,0.949,2.3852,-176.2588,4.1636
15.18,0.7682,-1.2499,0.9337,2.3842,-176.4917,4.1712
15.2,0.7432,-1.2499,0.9189,2.3834,-176.7167,4.1771
15.22,0.7182,-1.2508,0.9045,2.3826,-176.9338,4.182
15.24,0.6932,-1.2489,0.8907,2.3819,-177.1432,4.1856
15.26,0.6682,-1.2507,0.8773,2.3813,-177.3451,4.1882
15.28,0.6432,-1.2497,0.8645,2.3807,-177.5395,4.1901
15.3,0.6182,-1.2506,0.8521,2.3802,-177.7262,4.1908
15.32,0.5932,-1.2495,0.8403,2.3798,-177.9056,4.191
15.34,0.5682,-1.2505,0.8289,2.3794,-178.0775,4.1903
15.36,0.5432,-1.2493,0.818,2.3791,-178.242,4.1891
15.38,0.5182,-1.2503,0.8077,2.3788,-178.3993,4.1872
15.4,0.4932,-1.2503,0.7978,2.3786,-178.5491,4.1849
15.42,0.4682,-1.2488,0.7885,2.3783,-178.6918,4.1823
15.44,0.4431,-1.2514,0.7796,2.3782,-178.827,4.1794
15.46,0.4182,-1.25,0.7712,2.378,-178.9548,4.1763
15.4801,0.3932,-1.2482,0.7634,2.3779,-179.0755,4.1728
15.5001,0.3681,-1.2513,0.756,2.3778,-179.1888,4.1695
15.52,0.3432,-1.2514,0.7492,2.3777,-179.2946,4.166
15.54,0.3182,-1.2474,0.7428,2.3776,-179.3931,4.1625
15.56,0.2931,-1.2511,0.7369,2.3776,-179.4844,4.1592
15.58,0.2682,-1.2513,0.7316,2.3775,-179.5681,4.1559
15.6,0.2432,-1.2488,0.7267,2.3775,-179.6444,4.1529
15.6201,0.2181,-1.2481,0.7223,2.3775,-179.7135,4.1497
15.64,0.1931,-1.2542,0.7185,2.3775,-179.7751,4.1472
15.6601,0.1681,-1.2438,0.7151,2.3775,-179.8292,4.1448
15.6801,0.143,-1.2545,0.7122,2.3774,-179.876,4.1426
15.7,0.1181,-1.2515,0.7099,2.3774,-179.9151,4.141
15.7201,0.0931,-1.2449,0.708,2.3774,-179.9467,4.1393
15.7403,0.0679,-1.2491,0.7066,2.3774,-179.971,4.1383
15.7605,0.0427,-1.2466,0.7058,2.3774,-179.9878,4.1378
15.7846,0.015,-1.1506,0.7054,2.3774,-179.997,4.1374